id,date,message,Symbol,OrderType,EntryPrice,SL,TP1,TP2,TP3,TP4
4432,2023-03-16 13:03:03+00:00,"XAUUSD SELL    1929.00
SL 1940
TP 1926
TP 1920
TP 1915
TP 1870",XAUUSD,SELL ,1929.0,1940.0,1926.0,1920.0,1915.0,1870.0
4425,2023-03-15 06:27:23+00:00,"XAUUSD SELL STOP    1899.00
SL 1910
TP 1896
TP 1890
TP 1880
TP 1850",XAUUSD,SELL STOP,1899.0,1910.0,1896.0,1890.0,1880.0,1850.0
4413,2023-03-13 14:36:09+00:00,"XAUUSD SELL    1907.00
SL 1918
TP 1903
TP 1900
TP 1890
TP 1860 USE Big lot size ✅",XAUUSD,SELL ,1907.0,1918.0,1903.0,1900.0,1890.0,1860.0
4411,2023-03-13 13:08:21+00:00,"XAUUSD SELL STOP   1896.00
SL 1906
TP 1893
TP 1888
TP 1870
TP 1840",XAUUSD,SELL STOP,1896.0,1906.0,1893.0,1888.0,1870.0,1840.0
4408,2023-03-13 10:17:39+00:00,"XAUUSD SELL   1885.00
SL 1895
TP 1882
TP 1877
TP 1865
TP 1800",XAUUSD,SELL ,1885.0,1895.0,1882.0,1877.0,1865.0,1800.0
4400,2023-03-10 15:45:43+00:00,"XAUUSD SELL  STOP  1865.00
SL 1875
TP 1862
TP 1857
TP 1850
TP 1770",XAUUSD,SELL STOP,1865.0,1875.0,1862.0,1857.0,1850.0,1770.0
4391,2023-03-09 14:42:27+00:00,"US30 SELL  32920
SL 33050
TP 32890
TP 32820
TP 32750
TP 32300",US30,SELL ,32920.0,33050.0,32890.0,32820.0,32750.0,32300.0
4390,2023-03-09 14:26:07+00:00,"XAUUSD SELL    1827.00
SL 1835
TP 1824
TP 1820
TP 1810
TP 1770",XAUUSD,SELL ,1827.0,1835.0,1824.0,1820.0,1810.0,1770.0
4387,2023-03-09 08:48:33+00:00,"XAUUSD SELL    1818.00
SL 1828
TP 1815
TP 1810
TP 1800
TP 1770",XAUUSD,SELL ,1818.0,1828.0,1815.0,1810.0,1800.0,1770.0
4382,2023-03-08 15:38:05+00:00,"XAUUSD SELL    1823.00
SL 1830
TP 1820
TP 1815
TP 1805
TP 1770",XAUUSD,SELL ,1823.0,1830.0,1820.0,1815.0,1805.0,1770.0
4381,2023-03-08 15:15:01+00:00,"XAUUSD SELL    1820.00
SL 1830
TP 1817
TP 1812
TP 1805
TP 1770",XAUUSD,SELL ,1820.0,1830.0,1817.0,1812.0,1805.0,1770.0
4376,2023-03-07 14:46:10+00:00,"US30 SELL LIMIT 33430
SL 33600
TP 33400
TP 33350
TP 33250
TP 32600 hugosway broker USE SMALL lot size proper risky management ✅",US30,SELL ,33430.0,33600.0,33400.0,33350.0,33250.0,32600.0
4374,2023-03-06 07:32:26+00:00,"XAUUSD SELL LIMIT   1860.00
SL 1870
TP 1857
TP 1852
TP 1840
TP 1800",XAUUSD,SELL ,1860.0,1870.0,1857.0,1852.0,1840.0,1800.0
4369,2023-03-03 15:09:26+00:00,"US30 SELL STOP   33000
SL 33150
TP 32970
TP 32900
TP 32850
TP 32000",US30,SELL STOP,33000.0,33150.0,32970.0,32900.0,32850.0,32000.0
4355,2023-03-01 14:53:19+00:00,"US30 SELL   32710
SL 33850
TP 32680
TP 32600
TP 32550
TP 32000",US30,SELL ,32710.0,33850.0,32680.0,32600.0,32550.0,32000.0
4354,2023-03-01 13:57:10+00:00,"GER30 SELL 15390
SL 15550
TP 15360
TP 15300
TP 15200
TP 14600",GER30,SELL ,15390.0,15550.0,15360.0,15300.0,15200.0,14600.0
4348,2023-03-01 06:37:52+00:00,"XAUUSD SELL   1834.00
SL 1845
TP 1831
TP 1826
TP 1818
TP 1770",XAUUSD,SELL ,1834.0,1845.0,1831.0,1826.0,1818.0,1770.0
4345,2023-02-28 15:49:31+00:00,"XAUUSD SELL  1826.00 
SL 1836
TP 1823
TP 1818
TP 1810
TP 1770",XAUUSD,SELL ,1826.0,1836.0,1823.0,1818.0,1810.0,1770.0
4341,2023-02-28 07:10:17+00:00,"XAUUSD SELL  1814.00 
SL 1824
TP 1811
TP 1806
TP 1800
TP 1770",XAUUSD,SELL ,1814.0,1824.0,1811.0,1806.0,1800.0,1770.0
4334,2023-02-27 15:52:41+00:00,"US30 SELL  STOP 32990
SL 33150
TP 32960
TP 32900
TP 32800
TP 32000 hugosway broker ✅",US30,SELL STOP,32990.0,33150.0,32960.0,32900.0,32800.0,32000.0
4331,2023-02-27 12:23:43+00:00,"GER30 SELL 15450
SL 15600
TP 15420
TP 15350
TP 15300
TP 14500",GER30,SELL ,15450.0,15600.0,15420.0,15350.0,15300.0,14500.0
4316,2023-02-24 06:21:11+00:00,"NAS100 SELL 12150
SL 12300
TP 12120
TP 12050
TP 12000
TP 11600",NAS100,SELL ,12150.0,12300.0,12120.0,12050.0,12000.0,11600.0
4313,2023-02-24 04:47:53+00:00,"US30 SELL  33130
SL 33350
TP 33100
TP 33050
TP 33000
TP 32500",US30,SELL ,33130.0,33350.0,33100.0,33050.0,33000.0,32500.0
4311,2023-02-24 02:31:35+00:00,"XAUUSD SELL  1827.00 limit 1830
SL 1840
TP 1824
TP 1819
TP 1810
TP 1780",XAUUSD,SELL ,1830.0,1840.0,1824.0,1819.0,1810.0,1780.0
4304,2023-02-23 15:37:40+00:00,"US30 SELL  33190
SL 33350
TP 33100
TP 33050
TP 33000
TP 32500",US30,SELL ,33190.0,33350.0,33100.0,33050.0,33000.0,32500.0
4294,2023-02-20 06:58:04+00:00,"XAUUSD SELL  1844.00
SL 1855
TP 1841
TP 1836
TP 1830
TP 1790",XAUUSD,SELL ,1844.0,1855.0,1841.0,1836.0,1830.0,1790.0
4285,2023-02-16 03:07:32+00:00,"XAUUSD SELL  1842.00
SL 1852
TP 1839
TP 1834
TP 1820
TP 1780",XAUUSD,SELL ,1842.0,1852.0,1839.0,1834.0,1820.0,1780.0
4277,2023-02-15 14:03:23+00:00,"US30 SELL  33940
SL 34060
TP 33910
TP 33840
TP 33800
TP 33000",US30,SELL ,33940.0,34060.0,33910.0,33840.0,33800.0,33000.0
4276,2023-02-15 13:38:29+00:00,"XAUUSD SELL  1833.00
SL 1845
TP 1830
TP 1825
TP 1790
TP 1870",XAUUSD,SELL ,1833.0,1845.0,1830.0,1825.0,1790.0,1870.0
4271,2023-02-14 06:56:43+00:00,"XAUUSD SELL  1864.00
SL 1868
TP 1861
TP 1855
TP 1840
TP 1820",XAUUSD,SELL ,1864.0,1868.0,1861.0,1855.0,1840.0,1820.0
4270,2023-02-14 03:08:39+00:00,"XAUUSD SELL  1858.00
SL 1868
TP 1855
TP 1850
TP 1840
TP 1820",XAUUSD,SELL ,1858.0,1868.0,1855.0,1850.0,1840.0,1820.0
4267,2023-02-13 16:10:18+00:00,"US30 SELL  34160
SL 34350
TP 34130
TP 34060
TP 34000
TP 33300",US30,SELL ,34160.0,34350.0,34130.0,34060.0,34000.0,33300.0
4265,2023-02-13 15:42:13+00:00,"US30 SELL  34110
SL 34350
TP 34080
TP 34000
TP 33950
TP 33300",US30,SELL ,34110.0,34350.0,34080.0,34000.0,33950.0,33300.0
4263,2023-02-13 14:36:35+00:00,"US30 SELL STOP 33900
SL 34050
TP 33870
TP 33800
TP 33750
TP 33000",US30,SELL STOP,33900.0,34050.0,33870.0,33800.0,33750.0,33000.0
4240,2023-02-09 15:24:33+00:00,"US30 SELL 34200
SL 34350
TP 34170
TP 34100
TP 34050
TP 33500",US30,SELL ,34200.0,34350.0,34170.0,34100.0,34050.0,33500.0
4239,2023-02-09 13:38:15+00:00,"US30 SELL 34170
SL 34350
TP 34140
TP 34070
TP 34000
TP 33500",US30,SELL ,34170.0,34350.0,34140.0,34070.0,34000.0,33500.0
4234,2023-02-09 08:46:15+00:00,"XAUUSD SELL  1885.00
SL 1895
TP 1882
TP 1877
TP 1870
TP 1820",XAUUSD,SELL ,1885.0,1895.0,1882.0,1877.0,1870.0,1820.0
4233,2023-02-09 08:08:34+00:00,"XAUUSD SELL  1883.00
SL 1895
TP 1880
TP 1875
TP 1867
TP 1820",XAUUSD,SELL ,1883.0,1895.0,1880.0,1875.0,1867.0,1820.0
4230,2023-02-08 16:59:07+00:00,"US30 SELL STOP  33930
SL 34050
TP 33900
TP 33830
TP 33760
TP 33200 USE SMALL LOT SIZE✅",US30,SELL STOP,33930.0,34050.0,33900.0,33830.0,33760.0,33200.0
4227,2023-02-08 08:49:15+00:00,"XAUUSD SELL  1883.00
SL 1895
TP 1880
TP 1875
TP 1867
TP 1820 use good lot✅",XAUUSD,SELL ,1883.0,1895.0,1880.0,1875.0,1867.0,1820.0
4224,2023-02-08 05:16:06+00:00,"XAUUSD SELL STOP 1876.00
SL 1886
TP 1873
TP 1870
TP 1860
TP 1820",XAUUSD,SELL STOP,1876.0,1886.0,1873.0,1870.0,1860.0,1820.0
4218,2023-02-07 06:49:10+00:00,"XAUUSD SELL  1876.00
SL 1885
TP 1873
TP 1870
TP 1860
TP 1820",XAUUSD,SELL ,1876.0,1885.0,1873.0,1870.0,1860.0,1820.0
4217,2023-02-07 05:16:15+00:00,"XAUUSD SELL STOP 1874.00
SL 1885
TP 1871
TP 1866
TP 1860
TP 1820  use small lot size proper riski managment✅",XAUUSD,SELL STOP,1874.0,1885.0,1871.0,1866.0,1860.0,1820.0
4210,2023-02-06 08:24:39+00:00,"XAUUSD SELL  1880.00
SL 1890
TP 1877
TP 1872
TP 1860
TP 1820",XAUUSD,SELL ,1880.0,1890.0,1877.0,1872.0,1860.0,1820.0
4209,2023-02-06 06:37:03+00:00,"XAUUSD SELL  1877.00
SL 1890
TP 1874
TP 1870
TP 1860
TP 1820 use small lot size✅",XAUUSD,SELL ,1877.0,1890.0,1874.0,1870.0,1860.0,1820.0
4204,2023-02-03 17:48:56+00:00,"US30 SELL   34150
SL 34300
TP 34120
TP 34050
TP 34000
TP 33200",US30,SELL ,34150.0,34300.0,34120.0,34050.0,34000.0,33200.0
4194,2023-02-02 06:00:43+00:00,"XAUUSD SELL  1954.00 limit 1958
SL 1970
TP 1951
TP 1946
TP 1940
TP 1890 use small lot size proper riski✅",XAUUSD,SELL ,1958.0,1970.0,1951.0,1946.0,1940.0,1890.0
4186,2023-01-31 15:06:50+00:00,"XAUUSD SELL  STOP 1924.00 
SL 1935
TP 1921
TP 1916
TP 1910
TP 1870 use small lot size proper riski✅",XAUUSD,SELL STOP,1924.0,1935.0,1921.0,1916.0,1910.0,1870.0
4179,2023-01-30 15:16:40+00:00,"NAS100 SELL 12050
SL 12200
TP 12020
TP 11950
TP 11900
TP 11300",NAS100,SELL ,12050.0,12200.0,12020.0,11950.0,11900.0,11300.0
4173,2023-01-30 12:22:03+00:00,"XAUUSD SELL  1926.00 limit 1930
SL 1940
TP 1923
TP 1918
TP 1910
TP 1870 use small lot size proper riski✅",XAUUSD,SELL ,1930.0,1940.0,1923.0,1918.0,1910.0,1870.0
4172,2023-01-30 12:12:10+00:00,"XAUUSD SELL  STOP 1924
SL 1935
TP 1921
TP 1916
TP 1910
TP 1870 use small lot size proper riski✅",XAUUSD,SELL STOP,1924.0,1935.0,1921.0,1916.0,1910.0,1870.0
4165,2023-01-27 15:34:56+00:00,"US30 SELL   34000
SL 34150
TP 33960
TP 33900
TP 33850
TP 32500 USE GOOD LOT SIZE✅",US30,SELL ,34000.0,34150.0,33960.0,33900.0,33850.0,32500.0
4161,2023-01-27 13:36:06+00:00,"XAUUSD SELL  1934
SL 1945
TP 1930
TP 1925
TP 1915
TP 1870",XAUUSD,SELL ,1934.0,1945.0,1930.0,1925.0,1915.0,1870.0
4158,2023-01-27 09:45:50+00:00,"XAUUSD SELL  1927
SL 1934
TP 1924
TP 1919
TP 1910
TP 1870",XAUUSD,SELL ,1927.0,1934.0,1924.0,1919.0,1910.0,1870.0
4156,2023-01-27 09:23:49+00:00,"US30 SELL   33910
SL 34060
TP 33880
TP 33800
TP 33750
TP 32500",US30,SELL ,33910.0,34060.0,33880.0,33800.0,33750.0,32500.0
4155,2023-01-27 07:56:01+00:00,"XAUUSD SELL  1924
SL 1934
TP 1921
TP 1916
TP 1910
TP 1870",XAUUSD,SELL ,1924.0,1934.0,1921.0,1916.0,1910.0,1870.0
4144,2023-01-26 06:43:09+00:00,"XAUUSD SELL  1947
SL 1950
TP 1944
TP 1939
TP 1920
TP 1890.",XAUUSD,SELL ,1947.0,1950.0,1944.0,1939.0,1920.0,1890.0
4142,2023-01-25 17:58:07+00:00,"XAUUSD SELL  1939
SL 1950
TP 1936
TP 1930
TP 1920
TP 1890.",XAUUSD,SELL ,1939.0,1950.0,1936.0,1930.0,1920.0,1890.0
4141,2023-01-25 17:57:04+00:00,"US30 SELL   33550
SL 33700
TP 33520
TP 33450
TP 33400
TP 32500",US30,SELL ,33550.0,33700.0,33520.0,33450.0,33400.0,32500.0
4140,2023-01-25 15:27:11+00:00,"XAUUSD SELL STOP 1931
SL 1940
TP 1928
TP 1923
TP 1915
TP 188.  Ues small lot size✅",XAUUSD,SELL STOP,1931.0,1940.0,1928.0,1923.0,1915.0,188.0
4136,2023-01-25 09:59:47+00:00,"GER 30 SELL 15000
SL 15150
TP 14970
TP14900
TP 14850
TP 14000",GER,SELL ,15000.0,15150.0,14970.0,14900.0,14850.0,14000.0
4129,2023-01-24 07:50:24+00:00,"XAUUSD SELL 1940
SL 1945
TP 1937
TP 1932
TP 1915
TP 1880",XAUUSD,SELL ,1940.0,1945.0,1937.0,1932.0,1915.0,1880.0
4126,2023-01-24 02:51:49+00:00,"XAUUSD SELL 1935
SL 1945
TP 1932
TP 1927
TP 1915
TP 1880",XAUUSD,SELL ,1935.0,1945.0,1932.0,1927.0,1915.0,1880.0
4120,2023-01-20 16:39:44+00:00,"US30 SELL   33190
SL 33350
TP 33160
TP 33100
TP 33040
TP 32000 use big lot size✅",US30,SELL ,33190.0,33350.0,33160.0,33100.0,33040.0,32000.0
4118,2023-01-20 15:45:09+00:00,"US30 SELL   33070
SL 33150
TP 33040
TP 32970
TP 32900
TP 32000",US30,SELL ,33070.0,33150.0,33040.0,32970.0,32900.0,32000.0
4117,2023-01-20 15:20:10+00:00,"US30 SELL   33000
SL 33150
TP 32970
TP 32900
TP 32850
TP 32000",US30,SELL ,33000.0,33150.0,32970.0,32900.0,32850.0,32000.0
4116,2023-01-20 15:00:29+00:00,"NAS100 SELL 11400.00
SL 11550
TP 11370
TP 11300
TP 11250
TP 10800",NAS100,SELL ,11400.0,11550.0,11370.0,11300.0,11250.0,10800.0
4114,2023-01-19 17:10:47+00:00,"US30 SELL   33060
SL 33200
TP 33030
TP 32960
TP 32900
TP 32000 use small lot size✅",US30,SELL ,33060.0,33200.0,33030.0,32960.0,32900.0,32000.0
4111,2023-01-19 15:39:32+00:00,"XAUUSD SELL 1923.00 
SL 1933
TP 1920
TP 1915
TP 1880",XAUUSD,SELL ,1923.0,1933.0,1920.0,1915.0,1880.0,
4109,2023-01-19 15:08:24+00:00,"XAUUSD SELL STOP 1918.00 
SL 1921
TP 1915
TP 1910
TP 1870 hugosway broker use small lot size✅",XAUUSD,SELL STOP,1918.0,1921.0,1915.0,1910.0,1870.0,
4105,2023-01-19 11:03:20+00:00,"XAUUSD SELL 1910.00 
SL 1921
TP 1907
TP 1902
TP 1840",XAUUSD,SELL ,1910.0,1921.0,1907.0,1902.0,1840.0,
4099,2023-01-18 15:50:25+00:00,"XAUUSD SELL STOP 1915.00 
SL 1925
TP 1912
TP 1907
TP 1860",XAUUSD,SELL STOP,1915.0,1925.0,1912.0,1907.0,1860.0,
4093,2023-01-17 15:06:58+00:00,"US30 SELL   34180
SL 34320
TP 34150
TP 34080
TP 34030
TP 33000",US30,SELL ,34180.0,34320.0,34150.0,34080.0,34030.0,33000.0
4085,2023-01-17 05:03:24+00:00,"XAUUSD SELL STOP 1911.00 
SL 1921
TP 1908
TP 1904
TP 1840 hugosway broker use small lot size✅",XAUUSD,SELL STOP,1911.0,1921.0,1908.0,1904.0,1840.0,
4080,2023-01-13 15:49:40+00:00,"XAUUSD SELL 1916.00 
SL 1921
TP 1913
TP 1908
TP 1840",XAUUSD,SELL ,1916.0,1921.0,1913.0,1908.0,1840.0,
4079,2023-01-13 15:02:40+00:00,"XAUUSD SELL 1910.00 
SL 1921
TP 1906
TP 1902
TP 1840",XAUUSD,SELL ,1910.0,1921.0,1906.0,1902.0,1840.0,
4071,2023-01-12 14:05:25+00:00,"XAUUSD SELL 1899.00 
SL 1909
TP 1896
TP 1890
TP 1840",XAUUSD,SELL ,1899.0,1909.0,1896.0,1890.0,1840.0,
4069,2023-01-12 13:48:51+00:00,"US30 SELL STOP  33940
SL 34100
TP 33900
TP 33840
TP 33760
TP 33000",US30,SELL STOP,33940.0,34100.0,33900.0,33840.0,33760.0,33000.0
4068,2023-01-12 13:44:38+00:00,"XAUUSD SELL 1893.00 
SL 1903
TP 1890
TP 1885
TP 1840",XAUUSD,SELL ,1893.0,1903.0,1890.0,1885.0,1840.0,
4064,2023-01-11 18:35:16+00:00,"US30 SELL  STOP 33880
SL 34050
TP 33850
TP 33780
TP 33700
TP 33000 use good lot size hugosway broker✅",US30,SELL STOP,33880.0,34050.0,33850.0,33780.0,33700.0,33000.0
4061,2023-01-11 17:49:11+00:00,"US30 SELL   33830
SL 34900
TP 33800
TP 33730
TP 33650
TP 33000",US30,SELL ,33830.0,34900.0,33800.0,33730.0,33650.0,33000.0
4060,2023-01-11 16:50:46+00:00,"US30 SELL   33800
SL 34900
TP 33770
TP 33700
TP 33650
TP 33000",US30,SELL ,33800.0,34900.0,33770.0,33700.0,33650.0,33000.0
4058,2023-01-11 15:34:56+00:00,"US30 SELL   33760
SL 34900
TP 33730
TP 33630
TP 33550
TP 33000",US30,SELL ,33760.0,34900.0,33730.0,33630.0,33550.0,33000.0
4054,2023-01-10 15:24:58+00:00,"US30 SELL   33600
SL 34750
TP 33560
TP 33500
TP 33450
TP 33000",US30,SELL ,33600.0,34750.0,33560.0,33500.0,33450.0,33000.0
4043,2023-01-09 16:39:02+00:00,"US30 SELL   33870
SL 34020
TP 33840
TP 33770
TP 33700
TP 33000",US30,SELL ,33870.0,34020.0,33840.0,33770.0,33700.0,33000.0
4039,2023-01-09 05:13:14+00:00,"XAUUSD SELL 1877.00 limit 1880
SL 1890
TP 1874
TP 1870
TP 1790",XAUUSD,SELL ,1880.0,1890.0,1874.0,1870.0,1790.0,
4028,2023-01-06 14:39:51+00:00,"US30 sell   33200
SL 33350
TP 33160
TP 33100
TP 33050
TP 32000",US30,SELL ,33200.0,33350.0,33160.0,33100.0,33050.0,32000.0
4023,2023-01-06 14:04:12+00:00,"XAUUSD SELL 1851.00
SL 1860
TP 1848
TP 1843
TP 1790",XAUUSD,SELL ,1851.0,1860.0,1848.0,1843.0,1790.0,
4021,2023-01-06 13:40:06+00:00,"XAUUSD SELL 1840.00
SL 1850
TP 1837
TP 1832
TP 1790",XAUUSD,SELL ,1840.0,1850.0,1837.0,1832.0,1790.0,
4019,2023-01-06 13:34:21+00:00,"US30 sell stop   33000
SL 33150
TP 32970
TP 32900
TP 32850
TP 32000",US30,SELL STOP,33000.0,33150.0,32970.0,32900.0,32850.0,32000.0
4018,2023-01-06 13:29:33+00:00,"US30 SELL   STOP 32800
SL 32950
TP 32770
TP 32700
TP 32650
TP 32000",US30,SELL STOP,32800.0,32950.0,32770.0,32700.0,32650.0,32000.0
4016,2023-01-06 02:24:40+00:00,"XAUUSD SELL limit 1845.00
SL 1855
TP 1842
TP 1837
TP 1790",XAUUSD,SELL ,1845.0,1855.0,1842.0,1837.0,1790.0,
4011,2023-01-05 15:48:51+00:00,"US30 SELL    32980
SL 33050
TP 32940
TP 32880
TP 32800
TP 32100",US30,SELL ,32980.0,33050.0,32940.0,32880.0,32800.0,32100.0
4009,2023-01-05 15:31:09+00:00,"US30 SELL    32960
SL 33050
TP 32930
TP 32860
TP 32800
TP 32100",US30,SELL ,32960.0,33050.0,32930.0,32860.0,32800.0,32100.0
4008,2023-01-05 15:02:49+00:00,"US30 SELL STOP   32900
SL 33050
TP 32870
TP 32800
TP 32750
TP 32100",US30,SELL STOP,32900.0,33050.0,32870.0,32800.0,32750.0,32100.0
4004,2023-01-04 07:47:29+00:00,"XAUUSD SELL  1857.00 limit 1860
SL 1870
TP 1854
TP 1849
TP 1760",XAUUSD,SELL ,1860.0,1870.0,1854.0,1849.0,1760.0,
4000,2023-01-03 03:50:38+00:00,"XAUUSD SELL  1841.00
SL 1852
TP 1838
TP 1833
TP 1760",XAUUSD,SELL ,1841.0,1852.0,1838.0,1833.0,1760.0,
3984,2022-12-30 08:07:15+00:00,"XAUUSD SELL  1818.00
SL 1838
TP 1815
TP 1810
TP 1760",XAUUSD,SELL ,1818.0,1838.0,1815.0,1810.0,1760.0,
3981,2022-12-29 16:13:17+00:00,"US30 SELL    33160
SL 33320
TP 33130
TP 33060
TP 33020
TP 32300",US30,SELL ,33160.0,33320.0,33130.0,33060.0,33020.0,32300.0
3978,2022-12-29 15:12:17+00:00,"XAUUSD SELL  1817.00
SL 1822
TP 1814
TP 1809
TP 1760",XAUUSD,SELL ,1817.0,1822.0,1814.0,1809.0,1760.0,
3977,2022-12-29 14:52:59+00:00,"US30 SELL STOP   33050
SL 33200
TP 33020
TP 32950
TP 32900
TP 32300",US30,SELL STOP,33050.0,33200.0,33020.0,32950.0,32900.0,32300.0
3976,2022-12-29 13:53:51+00:00,"XAUUSD SELL  1811.00
SL 1822
TP 1808
TP 1803
TP 1760",XAUUSD,SELL ,1811.0,1822.0,1808.0,1803.0,1760.0,
3970,2022-12-28 14:59:24+00:00,"US30 SELL   33280
SL 33400
TP 33250
TP 33180
TP 33000
TP 32600",US30,SELL ,33280.0,33400.0,33250.0,33180.0,33000.0,32600.0
3966,2022-12-27 15:42:09+00:00,"XAUUSD SELL  1829.00
SL 1840
TP 1826
TP 1820
TP 1760",XAUUSD,SELL ,1829.0,1840.0,1826.0,1820.0,1760.0,
3962,2022-12-27 14:01:07+00:00,"XAUUSD SELL  1807.00
SL 1817
TP 1804
TP 1800
TP 1760",XAUUSD,SELL ,1807.0,1817.0,1804.0,1800.0,1760.0,
3961,2022-12-27 13:58:45+00:00,"US30 SELL  33260
SL 33400
TP 33230
TP 33160
TP 33000
TP 32600",US30,SELL ,33260.0,33400.0,33230.0,33160.0,33000.0,32600.0
3954,2022-12-23 13:48:16+00:00,"US30 SELL STOP  33150
SL 33300
TP 33120
TP 33050
TP 33000
TP 32500",US30,SELL STOP,33150.0,33300.0,33120.0,33050.0,33000.0,32500.0
3952,2022-12-23 13:05:18+00:00,"XAUUSD SELL STOP  1797.00
SL 1807
TP 1794
TP 1790
TP 1750",XAUUSD,SELL STOP,1797.0,1807.0,1794.0,1790.0,1750.0,
3946,2022-12-22 15:09:18+00:00,"XAUUSD SELL  1800.00
SL 1810
TP 1797
TP 1792
TP 1750",XAUUSD,SELL ,1800.0,1810.0,1797.0,1792.0,1750.0,
3940,2022-12-21 15:44:54+00:00,"US30 SELL   33390
SL 33550
TP 33360
TP 33300
TP 33200
TP 32500",US30,SELL ,33390.0,33550.0,33360.0,33300.0,33200.0,32500.0
3938,2022-12-21 15:10:29+00:00,"XAUUSD SELL LIMIT 1825.00 OTHER LIMIT 1830.00
SL 1840
TP 1822
TP 1817
TP 1750 USE small lot size ✅",XAUUSD,SELL ,1830.0,1840.0,1822.0,1817.0,1750.0,
3933,2022-12-20 12:00:22+00:00,"XAUUSD SELL  1808.00
SL 1817
TP 1805
TP 1800
TP 1750",XAUUSD,SELL ,1808.0,1817.0,1805.0,1800.0,1750.0,
3932,2022-12-20 09:20:01+00:00,"US30 SELL   32730
SL 32850
TP 32700
TP 32630
TP 32550 
TP 32000 USE good lot",US30,SELL ,32730.0,32850.0,32700.0,32630.0,32550.0,32000.0
3929,2022-12-20 08:22:42+00:00,"XAUUSD SELL STOP 1797.00
SL 1808
TP 1794
TP 1790
TP 1750",XAUUSD,SELL STOP,1797.0,1808.0,1794.0,1790.0,1750.0,
3928,2022-12-20 08:12:31+00:00,"US30 SELL STOP  32600
SL 32750
TP 32570
TP 32500
TP 32450
TP 32000",US30,SELL STOP,32600.0,32750.0,32570.0,32500.0,32450.0,32000.0
3918,2022-12-16 15:04:38+00:00,"US30 SELL   32950
SL 33100
TP 32920
TP 32850
TP 32800
TP 32200",US30,SELL ,32950.0,33100.0,32920.0,32850.0,32800.0,32200.0
3905,2022-12-15 02:25:32+00:00,"US30 SELL   33980
SL 34100
TP 33950
TP 33900
TP 33850
TP 33200",US30,SELL ,33980.0,34100.0,33950.0,33900.0,33850.0,33200.0
3903,2022-12-15 02:12:26+00:00,"XAUUSD SELL  1798.00
SL 1808
TP 1796
TP 1790
TP 1750",XAUUSD,SELL ,1798.0,1808.0,1796.0,1790.0,1750.0,
3896,2022-12-13 13:53:26+00:00,"XAUUSD SELL  1,809.00
SL 1820
TP 1805
TP 1800
TP 1750",XAUUSD,SELL ,809.0,1820.0,1805.0,1800.0,1750.0,
3893,2022-12-12 16:28:25+00:00,"GER30 SELL 14320
SL 14460
TP 14290
TP 14220
TP 14160
TP 13200",GER30,SELL ,14320.0,14460.0,14290.0,14220.0,14160.0,13200.0
3891,2022-12-12 16:16:30+00:00,"US30 SELL   33760
SL 34900
TP 33730
TP 33650
TP 33600
TP 33200",US30,SELL ,33760.0,34900.0,33730.0,33650.0,33600.0,33200.0
3890,2022-12-12 15:35:33+00:00,"US30 SELL LIMIT  33900
SL 34050
TP 33870
TP 33800
TP 33750
TP 33200",US30,SELL ,33900.0,34050.0,33870.0,33800.0,33750.0,33200.0
3876,2022-12-09 14:40:48+00:00,"US30 SELL  33730
SL 33850
TP 33700
TP 33630
TP 33540
TP 33100",US30,SELL ,33730.0,33850.0,33700.0,33630.0,33540.0,33100.0
3872,2022-12-09 13:36:52+00:00,"XAUUSD SELL  1796.00
SL 1805
TP 1793
TP 1788
TP 1750",XAUUSD,SELL ,1796.0,1805.0,1793.0,1788.0,1750.0,
3861,2022-12-06 11:50:40+00:00,"XAUUSD SELL LIMIT 1780.00 OTHER LIMIT 1785
SL 1797
TP 1782
TP 1777
TP 1720 USE SMALL LOT SIZE ✅",XAUUSD,SELL ,1785.0,1797.0,1782.0,1777.0,1720.0,
3854,2022-12-06 09:00:16+00:00,"US30 SELL STOP 34000
SL 34150
TP 33970
TP 33900
TP 33850
TP 33300",US30,SELL STOP,34000.0,34150.0,33970.0,33900.0,33850.0,33300.0
3852,2022-12-06 08:49:55+00:00,"GER30 SELL 14450
SL 14600
TP 14420
TP 14350
TP 14300
TP 13800",GER30,SELL ,14450.0,14600.0,14420.0,14350.0,14300.0,13800.0
3832,2022-12-01 14:40:26+00:00,"XAUUSD SELL  1797.00 
SL 1808
TP 1794
TP 1788
TP 1700",XAUUSD,SELL ,1797.0,1808.0,1794.0,1788.0,1700.0,
3827,2022-12-01 06:03:26+00:00,"US30 SELL STOP 34540
SL 34700
TP 34410
TP 34440
TP 34380
TP 33000",US30,SELL STOP,34540.0,34700.0,34410.0,34440.0,34380.0,33000.0
3826,2022-12-01 03:48:41+00:00,"XAUUSD SELL  1776.00 limit 1780
SL 1788
TP 1772
TP 1768
TP 1700",XAUUSD,SELL ,1780.0,1788.0,1772.0,1768.0,1700.0,
3824,2022-12-01 03:18:00+00:00,"NAS100 SELL 12020
SL 12150
TP 11990
TP 11900
TP 11850
TP 11400",NAS100,SELL ,12020.0,12150.0,11990.0,11900.0,11850.0,11400.0
3812,2022-11-30 13:35:03+00:00,"US30 SELL  33800
SL 34950
TP 33760
TP 33700
TP 33650
TP 33000",US30,SELL ,33800.0,34950.0,33760.0,33700.0,33650.0,33000.0
3805,2022-11-29 08:09:13+00:00,"US30 SELL  33930
SL 34100
TP 33900
TP 33830
TP 33750
TP 33000",US30,SELL ,33930.0,34100.0,33900.0,33830.0,33750.0,33000.0
3804,2022-11-29 08:08:12+00:00,"XAUUSD SELL  1754.00 limit 1758
SL 1767
TP 1751
TP 1745
TP 1700",XAUUSD,SELL ,1758.0,1767.0,1751.0,1745.0,1700.0,
3793,2022-11-25 08:33:28+00:00,"US30 SELL  34250
SL 34400
TP 34220
TP 34150
TP 34100
TP 33000",US30,SELL ,34250.0,34400.0,34220.0,34150.0,34100.0,33000.0
3792,2022-11-25 08:20:00+00:00,"XAUUSD SELL  1753.00
SL 1764
TP 1750
TP 1745
TP 1700",XAUUSD,SELL ,1753.0,1764.0,1750.0,1745.0,1700.0,
3788,2022-11-23 15:15:31+00:00,"US30 SELL  34190
SL 34300
TP 34150
TP 34100
TP 34000
TP 33000",US30,SELL ,34190.0,34300.0,34150.0,34100.0,34000.0,33000.0
3787,2022-11-23 14:47:36+00:00,"US30 SELL STOP  34150
SL 34300
TP 34110
TP 34050
TP 34000
TP 33000",US30,SELL STOP,34150.0,34300.0,34110.0,34050.0,34000.0,33000.0
3780,2022-11-22 14:41:36+00:00,"US30 SELL  33890
SL 34030
TP 33850
TP 33800
TP 33750
TP 33000",US30,SELL ,33890.0,34030.0,33850.0,33800.0,33750.0,33000.0
3773,2022-11-21 18:47:26+00:00,"US30 SELL  33790
SL 33950
TP 33760
TP 33700
TP 33550
TP 33000",US30,SELL ,33790.0,33950.0,33760.0,33700.0,33550.0,33000.0
3772,2022-11-21 18:40:29+00:00,"XAUUSD SELL LIMIt 1745.00 other  limit 1750
SL 1758
TP 1742
TP 1737
TP 1700",XAUUSD,SELL ,1750.0,1758.0,1742.0,1737.0,1700.0,
3759,2022-11-18 11:02:12+00:00,"US30 SELL  33700
SL 33850
TP 33670
TP 33600
TP 33550
TP 33000 use big lot size✅",US30,SELL ,33700.0,33850.0,33670.0,33600.0,33550.0,33000.0
3758,2022-11-18 09:59:34+00:00,"US30 SELL STOP  33600
SL 33700
TP 33570
TP 33500
TP 33450
TP 32500",US30,SELL STOP,33600.0,33700.0,33570.0,33500.0,33450.0,32500.0
3752,2022-11-18 01:59:12+00:00,"XAUUSD SELL 1763.00 limit 1766
SL 1775
TP 1760
TP 1755
TP 1700",XAUUSD,SELL ,1766.0,1775.0,1760.0,1755.0,1700.0,
3751,2022-11-18 01:39:14+00:00,"US30 SELL STOP 33500
SL 33650
TP 33470
TP 33400
TP 33350
TP 32500",US30,SELL STOP,33500.0,33650.0,33470.0,33400.0,33350.0,32500.0
3750,2022-11-17 15:40:56+00:00,"GER30 SELL STOP 14250
SL 14400
TP 14220
TP 14150
TP 14100
TP 13800",GER30,SELL STOP,14250.0,14400.0,14220.0,14150.0,14100.0,13800.0
3747,2022-11-17 14:53:11+00:00,"US30 SELL  33300
SL 33350
TP 33270
TP 33200
TP 33500
TP 32500",US30,SELL ,33300.0,33350.0,33270.0,33200.0,33500.0,32500.0
3744,2022-11-17 13:35:04+00:00,"US30 SELL STOP 33200
SL 33350
TP 33170
TP 33100
TP 33050
TP 32500 USE SMALL LOT SIZE✅",US30,SELL STOP,33200.0,33350.0,33170.0,33100.0,33050.0,32500.0
3736,2022-11-16 10:39:55+00:00,"XAUUSD SELL 1782.50 limit 1786
SL 1796
TP 1779
TP 1774
TP 1700",XAUUSD,SELL ,1786.0,1796.0,1779.0,1774.0,1700.0,
3732,2022-11-16 08:10:23+00:00,"NAS100 SELL STOP11920
SL 12100
TP 11890
TP 11800
TP 11750
TP 11000",NAS100,SELL ,11920.0,12100.0,11890.0,11800.0,11750.0,11000.0
3729,2022-11-16 03:34:17+00:00,"XAUUSD SELL 1774.50 
SL 1785
TP 1771
TP 1766
TP 1700",XAUUSD,SELL ,1774.5,1785.0,1771.0,1766.0,1700.0,
3724,2022-11-15 13:46:52+00:00,"US30 SELL STOP 33890
SL 34050
TP 33850
TP 33790
TP 33700
TP 33000",US30,SELL STOP,33890.0,34050.0,33850.0,33790.0,33700.0,33000.0
3720,2022-11-15 08:01:03+00:00,"US30 SELL  33700
SL 33850
TP 33670
TP 33600
TP 33550
TP 33000",US30,SELL ,33700.0,33850.0,33670.0,33600.0,33550.0,33000.0
3718,2022-11-15 04:21:53+00:00,"XAUUSD SELL 1771.50 
SL 1782
TP 1768
TP 1764
TP 1670",XAUUSD,SELL ,1771.5,1782.0,1768.0,1764.0,1670.0,
3712,2022-11-14 15:36:47+00:00,"US30 SELL  33780
SL 33950
TP 33740
TP 33680
TP 33600
TP 33000",US30,SELL ,33780.0,33950.0,33740.0,33680.0,33600.0,33000.0
3708,2022-11-14 08:22:05+00:00,"US30 SELL STOP  33700
SL 33850
TP 33670
TP 33600
TP 33550
TP 33000",US30,SELL STOP,33700.0,33850.0,33670.0,33600.0,33550.0,33000.0
3706,2022-11-14 07:09:01+00:00,"XAUUSD SELL 1761.00 
SL 1673
TP 1758
TP 1753
TP 1670",XAUUSD,SELL ,1761.0,1673.0,1758.0,1753.0,1670.0,
3701,2022-11-11 06:29:37+00:00,"GER30 SELL 14270
SL 14400
TP 14240
TP 14170
TP 14100
TP 13000",GER30,SELL ,14270.0,14400.0,14240.0,14170.0,14100.0,13000.0
3698,2022-11-11 05:37:40+00:00,"XAUUSD SELL 1762.00 
SL 1673
TP 1759
TP 1753
TP 1670",XAUUSD,SELL ,1762.0,1673.0,1759.0,1753.0,1670.0,
3697,2022-11-11 02:51:58+00:00,"NAS100 SELL 11620
SL 11770
TP 11590
TP 11520
TP 11450
TP 11000",NAS100,SELL ,11620.0,11770.0,11590.0,11520.0,11450.0,11000.0
3695,2022-11-11 01:34:24+00:00,"US30 SELL  33730
SL 33900
TP 33700
TP 33630
TP 33550
TP 32500",US30,SELL ,33730.0,33900.0,33700.0,33630.0,33550.0,32500.0
3693,2022-11-10 17:31:18+00:00,"XAUUSD SELL 1749.00 
SL 1660
TP 1746
TP 1741
TP 1670",XAUUSD,SELL ,1749.0,1660.0,1746.0,1741.0,1670.0,
3689,2022-11-10 03:25:23+00:00,"XAUUSD SELL 1709.00 limit 17013
SL 1622
TP 1706
TP 1701
TP 1660",XAUUSD,SELL ,17013.0,1622.0,1706.0,1701.0,1660.0,
3680,2022-11-09 14:33:04+00:00,"US30 SELL  32940
SL 33100
TP 32900
TP 32800
TP 32750
TP 31500",US30,SELL ,32940.0,33100.0,32900.0,32800.0,32750.0,31500.0
3674,2022-11-09 13:21:15+00:00,"XAUUSD BUY 1705.00
SL 1695
TP 1708
TP 1713
TP 1750",XAUUSD,BUY ,1705.0,1695.0,1708.0,1713.0,1750.0,
3669,2022-11-08 02:11:29+00:00,"GER30 SELL 13570
TP 13540
TP 13470
TP 13420
TP 12800
SL 13720",GER30,SELL ,13570.0,13720.0,13540.0,13470.0,13420.0,12800.0
3664,2022-11-07 12:53:20+00:00,"US30 SELL STOP 32540
SL 32700
TP 32500
TP 32440
TP 32380
TP 31500",US30,SELL STOP,32540.0,32700.0,32500.0,32440.0,32380.0,31500.0
3658,2022-11-07 05:51:24+00:00,"XAUUSD SELL 1673.00
SL 1683
TP 1670
TP 1665
TP 1600",XAUUSD,SELL ,1673.0,1683.0,1670.0,1665.0,1600.0,
3657,2022-11-07 05:48:20+00:00,"US30 SELL    32390
SL 32550
TP 32360
TP 32300
TP 32200
TP 31500",US30,SELL ,32390.0,32550.0,32360.0,32300.0,32200.0,31500.0
3656,2022-11-07 03:06:33+00:00,"US30 SELL STOP   32290
SL 32450
TP 32260
TP 32200
TP 32100
TP 31500",US30,SELL STOP,32290.0,32450.0,32260.0,32200.0,32100.0,31500.0
3649,2022-11-04 13:40:30+00:00,"US30 SELL    32300
SL 32450
TP 32270
TP 32200
TP 32100
TP 31500",US30,SELL ,32300.0,32450.0,32270.0,32200.0,32100.0,31500.0
3645,2022-11-04 12:54:26+00:00,"US30 SELL STOP   32180
SL 32350
TP 32150
TP 32080
TP 32000
TP 31500",US30,SELL STOP,32180.0,32350.0,32150.0,32080.0,32000.0,31500.0
3638,2022-11-03 16:23:20+00:00,"US30 SELL   32150
SL 32300
TP 32120
TP 32050
TP 32000
TP 31400 use big lot",US30,SELL ,32150.0,32300.0,32120.0,32050.0,32000.0,31400.0
3635,2022-11-03 15:44:37+00:00,"US30 SELL STOP  32000
SL 32160
TP 31970
TP 31900
TP 31840
TP 31200",US30,SELL STOP,32000.0,32160.0,31970.0,31900.0,31840.0,31200.0
3628,2022-11-03 11:56:31+00:00,"GER30 SELL 13090
SL 13250
TP 13060
TP 13000
TP 12950
TP 12500",GER30,SELL ,13090.0,13250.0,13060.0,13000.0,12950.0,12500.0
3618,2022-11-02 12:19:49+00:00,"XAUUSD SELL STOP 1656.00 
SL 1665
TP 1653
TP 1648
TP 1610",XAUUSD,SELL STOP,1656.0,1665.0,1653.0,1648.0,1610.0,
3612,2022-11-02 08:32:50+00:00,"US30 SELL STOP  32730
SL 32850
TP 32700
TP 32630
TP 32600
TP 32100",US30,SELL STOP,32730.0,32850.0,32700.0,32630.0,32600.0,32100.0
3610,2022-11-02 05:56:25+00:00,"XAUUSD SELL 1651.00 
SL 1661
TP 1647
TP 1643
TP 1610",XAUUSD,SELL ,1651.0,1661.0,1647.0,1643.0,1610.0,
3603,2022-11-01 12:23:41+00:00,"XAUUSD SELL STOP1655.00
SL 1665
TP 1652
TP 1647
TP 1620",XAUUSD,SELL ,1655.0,1665.0,1652.0,1647.0,1620.0,
3595,2022-11-01 06:55:12+00:00,"US30 SELL STOP  32890
SL 33000
TP 32860
TP 32800
TP 32750
TP 32100",US30,SELL STOP,32890.0,33000.0,32860.0,32800.0,32750.0,32100.0
3594,2022-11-01 06:47:04+00:00,"XAUUSD SELL 1645.00 LIMIT 1648
SL 1657
TP 1642
TP 1637
TP 1620",XAUUSD,SELL ,1648.0,1657.0,1642.0,1637.0,1620.0,
3585,2022-10-31 05:51:40+00:00,"US30 SELL  32850
SL 33000
TP 32800
TP 32750
TP 32700
TP 32100",US30,SELL ,32850.0,33000.0,32800.0,32750.0,32700.0,32100.0
3573,2022-10-28 12:38:14+00:00,"US30 SELL STOP 32100
SL 32250
TP 32060
TP 32000
TP 31900
TP 31500 use big lot",US30,SELL STOP,32100.0,32250.0,32060.0,32000.0,31900.0,31500.0
3571,2022-10-28 10:10:47+00:00,"US30 SELL  31990
SL 32130
TP 31960
TP 31900
TP 31850
TP 31300 use small lot size riski trade✅",US30,SELL ,31990.0,32130.0,31960.0,31900.0,31850.0,31300.0
3570,2022-10-28 09:39:49+00:00,"US30 SELL STOP 31940
SL 32100
TP 31900
TP 31850
TP 31800
TP 31300",US30,SELL STOP,31940.0,32100.0,31900.0,31850.0,31800.0,31300.0
3564,2022-10-27 13:27:08+00:00,"US30 SELL STOP 32160
SL 32300
TP 32130
TP 32060
TP 32000
TP 31500",US30,SELL STOP,32160.0,32300.0,32130.0,32060.0,32000.0,31500.0
3562,2022-10-27 09:27:39+00:00,"GER30 SELL 13140
SL 13300
TP 13110
TP 13040
TP 12950
TP 12500",GER30,SELL ,13140.0,13300.0,13110.0,13040.0,12950.0,12500.0
3552,2022-10-26 14:10:23+00:00,"US30 SELL STOP 31940
SL 32140
TP 31900
TP 31850
TP 31800
TP 31000",US30,SELL STOP,31940.0,32140.0,31900.0,31850.0,31800.0,31000.0
3547,2022-10-26 07:59:48+00:00,"US30 SELL  31830
SL 31950
TP 31830
TP 31750
TP 31600
TP 31000",US30,SELL ,31830.0,31950.0,31830.0,31750.0,31600.0,31000.0
3546,2022-10-26 07:25:38+00:00,"US30 SELL STOP 31770
SL 31900
TP 31740
TP 31670
TP 31600
TP 31000",US30,SELL STOP,31770.0,31900.0,31740.0,31670.0,31600.0,31000.0
3544,2022-10-26 07:06:13+00:00,"XAUUSD SELL 1667.00
SL 1677
TP 1664
TP 1660
TP 1600",XAUUSD,SELL ,1667.0,1677.0,1664.0,1660.0,1600.0,
3532,2022-10-25 06:45:45+00:00,"US30 SELL STOP 31520
SL 31650
TP 31490
TP 31420
TP 31350
TP 30500",US30,SELL STOP,31520.0,31650.0,31490.0,31420.0,31350.0,30500.0
3531,2022-10-25 06:38:15+00:00,"XAUUSD SELL 1651.00
SL 1662
TP 1648
TP 1643
TP 1600",XAUUSD,SELL ,1651.0,1662.0,1648.0,1643.0,1600.0,
3522,2022-10-24 13:52:18+00:00,"US30 SELL 31500
SL 31600
TP 31470
TP 31400
TP 31350
TP 30500",US30,SELL ,31500.0,31600.0,31470.0,31400.0,31350.0,30500.0
3519,2022-10-24 12:17:20+00:00,"US30 SELL 31340
SL 31500
TP 31310
TP 31240
TP 31200
TP 30500",US30,SELL ,31340.0,31500.0,31310.0,31240.0,31200.0,30500.0
3503,2022-10-20 11:51:57+00:00,"US30 SELL STOP 30520
SL 30650
TP 30480
TP 30420
TP 30350
TP 30000",US30,SELL STOP,30520.0,30650.0,30480.0,30420.0,30350.0,30000.0
3501,2022-10-20 11:42:44+00:00,"XAUUSD SELL  1638.00 limit 1642
SL 1652
TP 1635
TP 1630
TP 1600",XAUUSD,SELL ,1642.0,1652.0,1635.0,1630.0,1600.0,
3486,2022-10-19 10:23:06+00:00,"NAS100 SELL 11220
SL 11350
TP 11180
TP 11100
TP 11050
TP 10500",NAS100,SELL ,11220.0,11350.0,11180.0,11100.0,11050.0,10500.0
3485,2022-10-19 10:14:08+00:00,"US30 SELL 30600
SL 30750
TP 30570
TP 30500
TP 30450
TP 30000",US30,SELL ,30600.0,30750.0,30570.0,30500.0,30450.0,30000.0
3474,2022-10-18 12:17:10+00:00,"US30 SELL STOP    30750
SL 30900
TP 30720
TP 30650
TP 30600
TP 30000",US30,SELL STOP,30750.0,30900.0,30720.0,30650.0,30600.0,30000.0
3473,2022-10-18 11:11:42+00:00,"GER30 SELL STOP 12810
SL 12950
TP 12780
TP 12700
TP 12650
TP 12000",GER30,SELL STOP,12810.0,12950.0,12780.0,12700.0,12650.0,12000.0
3467,2022-10-18 06:02:20+00:00,"US30 SELL    30580
SL 30700
TP 30550
TP 30500
TP 30400
TP 28800",US30,SELL ,30580.0,30700.0,30550.0,30500.0,30400.0,28800.0
3457,2022-10-17 13:51:15+00:00,"US30 SELL    30260
SL 30420
TP 30230
TP 30160
TP 30100
TP 28700",US30,SELL ,30260.0,30420.0,30230.0,30160.0,30100.0,28700.0
3455,2022-10-17 12:33:06+00:00,"XAUUSD SELL  1664.00
SL 1675
TP 1661
TP 1656
TP 1600",XAUUSD,SELL ,1664.0,1675.0,1661.0,1656.0,1600.0,
3443,2022-10-14 07:49:48+00:00,"GRE30 SELL 12470
SL 12600
TP 12440
TP 12400
TP 12350
TP 11800",GRE30,SELL ,12470.0,12600.0,12440.0,12400.0,12350.0,11800.0
3439,2022-10-14 04:04:19+00:00,"US30 SELL    30250
SL 30350
TP 30220
TP 30150
TP 30100
TP 28700",US30,SELL ,30250.0,30350.0,30220.0,30150.0,30100.0,28700.0
3433,2022-10-13 12:37:59+00:00,"XAUUSD SELL STOP 1657.00
SL 1668
TP 1653
TP 1650
TP 1600",XAUUSD,SELL STOP,1657.0,1668.0,1653.0,1650.0,1600.0,
3425,2022-10-12 06:53:21+00:00,"XAUUSD SELL 1674.50
SL 1685
TP 1671
TP 1666
TP 1610",XAUUSD,SELL ,1674.5,1685.0,1671.0,1666.0,1610.0,
3424,2022-10-12 06:20:59+00:00,"US30 SELL    29380
SL 29510
TP 29350
TP 29280
TP 29180
TP 28800",US30,SELL ,29380.0,29510.0,29350.0,29280.0,29180.0,28800.0
3423,2022-10-12 02:22:23+00:00,"US30 SELL STOP   29230
SL 29350
TP 29300
TP 29130
TP 29000
TP 28600",US30,SELL STOP,29230.0,29350.0,29300.0,29130.0,29000.0,28600.0
3422,2022-10-12 01:42:26+00:00,"XAUUSD SELL 1663.50
SL 1674
TP 1660
TP 1654
TP 1610",XAUUSD,SELL ,1663.5,1674.0,1660.0,1654.0,1610.0,
3416,2022-10-11 10:36:50+00:00,"XAUUSD BUY 1663.00
SL 1652
TP 1666
TP 1670
TP 1720",XAUUSD,BUY ,1663.0,1652.0,1666.0,1670.0,1720.0,
3415,2022-10-11 06:46:20+00:00,"US30 SELL limit   29200
SL 29320
TP 29170
TP 29100
TP 29000
TP 28600",US30,SELL ,29200.0,29320.0,29170.0,29100.0,29000.0,28600.0
3397,2022-10-07 12:40:14+00:00,"US30 SELL  29800
SL 29900
TP 29770
TP 29700
TP 29600
TP 29100",US30,SELL ,29800.0,29900.0,29770.0,29700.0,29600.0,29100.0
3389,2022-10-06 13:57:27+00:00,"NAS100 SELL 11630
SL 11700
TP 11600
TP 11500
TP 11450
TP 11000",NAS100,SELL ,11630.0,11700.0,11600.0,11500.0,11450.0,11000.0
3384,2022-10-06 12:37:11+00:00,"US30 SELL  30230
SL 30280
TP 30200
TP 30150
TP 29900
TP 29500",US30,SELL ,30230.0,30280.0,30200.0,30150.0,29900.0,29500.0
3379,2022-10-05 11:04:08+00:00,"XAUUSD SELL 1713.00 limit 1716
SL 1728
TP 1710
TP 1705
TP 1650",XAUUSD,SELL ,1716.0,1728.0,1710.0,1705.0,1650.0,
3374,2022-10-05 07:47:20+00:00,"US30 SELL STOP 30150 
SL 30250 
TP 30120 
TP 30020
TP 29900
TP 29500",US30,SELL STOP,30150.0,30250.0,30120.0,30020.0,29900.0,29500.0
3366,2022-10-04 10:43:01+00:00,"US30 SELL 29940
SL 30100
TP 28910
TP 29840
TP 29800
TP 29200 USE GOOD LOT",US30,SELL ,29940.0,30100.0,28910.0,29840.0,29800.0,29200.0
3362,2022-10-04 09:59:56+00:00,"US30 SELL STOP 29860
SL 29950
TP 29830
TP 29780
TP 29600
TP 29000",US30,SELL STOP,29860.0,29950.0,29830.0,29780.0,29600.0,29000.0
3361,2022-10-04 09:38:57+00:00,"XAUUSD SELL 1709.00
SL 1719
TP 1706
TP 1700
TP 1650",XAUUSD,SELL ,1709.0,1719.0,1706.0,1700.0,1650.0,
3358,2022-10-04 09:21:59+00:00,"US30 SELL 29800
SL 29950
TP 28770
TP 29700
TP 29600
TP 29000",US30,SELL ,29800.0,29950.0,28770.0,29700.0,29600.0,29000.0
3355,2022-10-03 14:40:24+00:00,"XAUUSD SELL 1690.00
SL 1700
TP 1687
TP 1680
TP 1600 USE GOOD LOT",XAUUSD,SELL ,1690.0,1700.0,1687.0,1680.0,1600.0,
3353,2022-10-03 14:15:53+00:00,"XAUUSD SELL 1678.00
SL 1688
TP 1675
TP 1670
TP 1600",XAUUSD,SELL ,1678.0,1688.0,1675.0,1670.0,1600.0,
3340,2022-10-03 09:00:55+00:00,"GER30 BUY STOP 11980
SL 11850
TP 12010
TP 12100
TP 12150
TP 12600",GER30,BUY STOP,11980.0,11850.0,12010.0,12100.0,12150.0,12600.0
3338,2022-10-03 07:15:19+00:00,"US30 BUY 28780
SL 28700
TP 28820
TP 28900
TP 29000
TP 29500",US30,BUY ,28780.0,28700.0,28820.0,28900.0,29000.0,29500.0
3334,2022-10-03 03:39:36+00:00,"XAUUSD BUY 1664.00
SL 1654
TP 1667
TP 1672
TP 1640",XAUUSD,BUY ,1664.0,1654.0,1667.0,1672.0,1640.0,
3325,2022-09-30 00:56:44+00:00,"US30 BUY 29200
SL 29050
TP 29240
TP 29300
TP 29400
TP 29900",US30,BUY ,29200.0,29050.0,29240.0,29300.0,29400.0,29900.0
3322,2022-09-29 14:55:54+00:00,"US30 BUY 29200
SL 29050
TP 29240
TP 29300
TP 29400
TP 29900",US30,BUY ,29200.0,29050.0,29240.0,29300.0,29400.0,29900.0
3314,2022-09-28 17:25:25+00:00,"US30 SELL  29650.00
SL 29800
TP 29620
TP 29550
TP 29500
TP 28800",US30,SELL ,29650.0,29800.0,29620.0,29550.0,29500.0,28800.0
3313,2022-09-28 17:11:44+00:00,"XAUUSD SELL 1661 LIMIT 1665.00
SL 1675
TP 1658
TP 1653
TP 1590",XAUUSD,SELL ,1665.0,1675.0,1658.0,1653.0,1590.0,
3306,2022-09-28 14:28:04+00:00,"US30 BUY 29300
SL 29200
TP 29340
TP 29400
TP 29500
TP 29900",US30,BUY ,29300.0,29200.0,29340.0,29400.0,29500.0,29900.0
3305,2022-09-28 13:33:29+00:00,"XAUUSD SELL LIMIT 1658.00
SL 1670
TP 1655
TP 1650
TP 1590",XAUUSD,SELL ,1658.0,1670.0,1655.0,1650.0,1590.0,
3295,2022-09-27 15:00:06+00:00,"US30 SELL  29530.00
SL 29650
TP 29500
TP 29430
TP 29360
TP 28800",US30,SELL ,29530.0,29650.0,29500.0,29430.0,29360.0,28800.0
3293,2022-09-27 12:48:12+00:00,"XAUUSD SELL  1639.00
SL 1650
TP 1636
TP 1630
TP 1580",XAUUSD,SELL ,1639.0,1650.0,1636.0,1630.0,1580.0,
3284,2022-09-26 10:20:56+00:00,"US30 SELL LIMIT 29600.00
SL 29730
TP 29570
TP 29510
TP 29460
TP 28800",US30,SELL ,29600.0,29730.0,29570.0,29510.0,29460.0,28800.0
3280,2022-09-23 15:30:33+00:00,"US30 BUY STOP 29630
SL 29500
TP 29660
TP 29700
TP 29750
TP 30000",US30,BUY STOP,29630.0,29500.0,29660.0,29700.0,29750.0,30000.0
3278,2022-09-23 11:53:00+00:00,"US30 BUY 29710
SL 29600
TP 29740
TP 29710
TP 29800
TP 30300",US30,BUY ,29710.0,29600.0,29740.0,29710.0,29800.0,30300.0
3268,2022-09-22 12:52:17+00:00,"XAUUSD SELL  1684.00 limit 1688
SL 1698
TP 1681
TP 1675
TP 1620",XAUUSD,SELL ,1688.0,1698.0,1681.0,1675.0,1620.0,
3253,2022-09-21 16:53:20+00:00,"NAS100 SELL  11930
SL 12050
TP 11900
TP 11830
TP 11750
TP 11000",NAS100,SELL ,11930.0,12050.0,11900.0,11830.0,11750.0,11000.0
3251,2022-09-21 14:07:37+00:00,"NAS100 SELL STOP 11880
SL 12000
TP 11850
TP 11800
TP 11750
TP 11000",NAS100,SELL STOP,11880.0,12000.0,11850.0,11800.0,11750.0,11000.0
3250,2022-09-21 13:42:37+00:00,"XAUUSD SELL STOP 1673.00
SL 1684
TP 1670
TP 1665
TP 1620",XAUUSD,SELL STOP,1673.0,1684.0,1670.0,1665.0,1620.0,
3241,2022-09-20 12:27:20+00:00,"US30 SELL  30830
SL 30950
TP 30800
TP 30700
TP 30650
TP 30000",US30,SELL ,30830.0,30950.0,30800.0,30700.0,30650.0,30000.0
3235,2022-09-19 16:37:34+00:00,"US30 SELL STOP 30800
SL 30950
TP 30770
TP 30700
TP 30650
TP 30000",US30,SELL STOP,30800.0,30950.0,30770.0,30700.0,30650.0,30000.0
3233,2022-09-19 12:37:11+00:00,"XAUUSD SELL 1666.00 LIMIT 1670
SL 1680 
TP 1663
TP 1657
TP 1600",XAUUSD,SELL ,1670.0,1680.0,1663.0,1657.0,1600.0,
3208,2022-09-15 10:11:15+00:00,"XAUUSD SELL STOP  1690.00 
SL 1701
TP 1687
TP 1682
TP 1650",XAUUSD,SELL STOP,1690.0,1701.0,1687.0,1682.0,1650.0,
3206,2022-09-15 08:11:43+00:00,"NAS100 SELL 12160
SL 12310
TP 12130
TP 12050
TP 12010
TP 11400",NAS100,SELL ,12160.0,12310.0,12130.0,12050.0,12010.0,11400.0
3204,2022-09-15 07:36:03+00:00,"GER30 SELL STOP 13080
SL 13230
TP 13050
TP 13000
TP 12950
TP 12400",GER30,SELL STOP,13080.0,13230.0,13050.0,13000.0,12950.0,12400.0
3202,2022-09-15 02:51:21+00:00,"US30 SELL STOP 31170
SL 31320
TP 31140
TP 31080
TP 31000
TP 30500",US30,SELL STOP,31170.0,31320.0,31140.0,31080.0,31000.0,30500.0
3199,2022-09-14 12:52:18+00:00,"US30 BUY 31140
SL 30980
TP 31170
TP 31240
TP 31300
TP 31800",US30,BUY ,31140.0,30980.0,31170.0,31240.0,31300.0,31800.0
3198,2022-09-14 08:51:23+00:00,"NAS100 SELL LIMIT 12260
SL 12420
TP 12230
TP 12160
TP 12100
TP 11400",NAS100,SELL ,12260.0,12420.0,12230.0,12160.0,12100.0,11400.0
3193,2022-09-13 13:25:50+00:00,"XAUUSD BUY  1700.00 
SL 1693
TP 1703
TP 1709
TP 1760",XAUUSD,BUY ,1700.0,1693.0,1703.0,1709.0,1760.0,
3186,2022-09-12 11:34:59+00:00,"XAUUSD SELL  1727.00 limit 1730
SL 1739
TP 1724
TP 1720
TP 1670",XAUUSD,SELL ,1730.0,1739.0,1724.0,1720.0,1670.0,
3175,2022-09-09 10:57:30+00:00,"US30 SELL 32030
SL 32180
TP 32000
TP 31930
TP 31870
TP 31100",US30,SELL ,32030.0,32180.0,32000.0,31930.0,31870.0,31100.0
3172,2022-09-09 05:50:58+00:00,"XAUUSD SELL  1720.00 
SL 1730
TP 1717
TP 1712
TP 1670",XAUUSD,SELL ,1720.0,1730.0,1717.0,1712.0,1670.0,
3171,2022-09-09 04:38:51+00:00,"US30 SELL STOP 31850
SL 32000
TP 31820
TP 31750
TP 31700
TP 31100",US30,SELL STOP,31850.0,32000.0,31820.0,31750.0,31700.0,31100.0
3164,2022-09-08 11:53:28+00:00,"XAUUSD SELL  1727.00 
SL 1737
TP 1724
TP 1720
TP 1670",XAUUSD,SELL ,1727.0,1737.0,1724.0,1720.0,1670.0,
3161,2022-09-08 07:19:20+00:00,"US30 SELL 31600 
SL 31750
TP 31570
TP 31500
TP 31450
TP 31000",US30,SELL ,31600.0,31750.0,31570.0,31500.0,31450.0,31000.0
3160,2022-09-08 03:53:22+00:00,"NAS100 SELL STOP 12260
SL 12410
TP 12230
TP 12160
TP 12100
TP 11500",NAS100,SELL STOP,12260.0,12410.0,12230.0,12160.0,12100.0,11500.0
3159,2022-09-08 03:43:17+00:00,"XAUUSD SELL  1715.00 
SL 1726
TP 1712
TP 1706
TP 1640",XAUUSD,SELL ,1715.0,1726.0,1712.0,1706.0,1640.0,
3152,2022-09-07 13:34:33+00:00,"US30 BUY 31130
SL 31000
TP 31260
TP 31300
TP 32000
TP32000",US30,BUY ,31130.0,31000.0,31260.0,31300.0,32000.0,32000.0
3150,2022-09-07 13:20:06+00:00,"GER30 BUY 12800
SL 12660
TP 12830
TP 12890
TP 12960
TP 13500",GER30,BUY ,12800.0,12660.0,12830.0,12890.0,12960.0,13500.0
3143,2022-09-06 18:04:07+00:00,"XAUUSD SELL lumit 1708.00 
SL 1720
TP 1705
TP 1699
TP 1640",XAUUSD,SELL ,1708.0,1720.0,1705.0,1699.0,1640.0,
3138,2022-09-06 13:16:43+00:00,"US30 SELL STOP 31450 
SL 31600
TP 31420
TP 31350
TP 31300
TP 30400",US30,SELL STOP,31450.0,31600.0,31420.0,31350.0,31300.0,30400.0
3124,2022-09-02 14:14:20+00:00,"US30 BUY 31800
SL 31650
TP 31840
TP 31900
TP 31950
TP 32800",US30,BUY ,31800.0,31650.0,31840.0,31900.0,31950.0,32800.0
3115,2022-09-01 07:01:18+00:00,"XAUUSD SELL  1707.00 
SL 1717
TP 1704
TP 1698
TP 1640",XAUUSD,SELL ,1707.0,1717.0,1704.0,1698.0,1640.0,
3114,2022-09-01 06:55:18+00:00,"US30 SELL STOP 31400
SL 31540
TP 31370
TP 31300
TP 31250
TP 31200",US30,SELL STOP,31400.0,31540.0,31370.0,31300.0,31250.0,31200.0
3110,2022-08-31 12:24:05+00:00,"XAUUSD BUY STOP 1712.00 
SL 1700
TP 1715
TP 1721
TP 1780",XAUUSD,BUY STOP,1712.0,1700.0,1715.0,1721.0,1780.0,
3101,2022-08-30 05:20:25+00:00,"US30 SELL 32190
SL 32340
TP 32160
TP 32090
TP 32000
TP 31200",US30,SELL ,32190.0,32340.0,32160.0,32090.0,32000.0,31200.0
3099,2022-08-29 14:35:46+00:00,"XAUUSD SELL  1741.00 
SL 1752
TP 1738
TP 1733
TP 1680",XAUUSD,SELL ,1741.0,1752.0,1738.0,1733.0,1680.0,
3096,2022-08-29 11:49:22+00:00,"US30 BUY 32020 
SL 31900
TP 32050
TP 32120
TP 32260
TP 33000",US30,BUY ,32020.0,31900.0,32050.0,32120.0,32260.0,33000.0
3085,2022-08-26 12:53:00+00:00,"US30 BUY 33300
SL 33140
TP 33330
TP 33410
TP 33460
TP 34200",US30,BUY ,33300.0,33140.0,33330.0,33410.0,33460.0,34200.0
3078,2022-08-25 07:45:18+00:00,"XAUUSD SELL  1762.00 
SL 1772
TP 1759
TP 1754
TP 1680",XAUUSD,SELL ,1762.0,1772.0,1759.0,1754.0,1680.0,
3073,2022-08-24 09:32:30+00:00,"NAS100 SELL 12890
SL 13040
TP 12860
TP12790
TP 12720
TP 11900",NAS100,SELL ,12890.0,13040.0,12860.0,12790.0,12720.0,11900.0
3072,2022-08-24 09:31:17+00:00,"US30 SELL 32900 
SL 33040
TP 32870
TP 32790
TP 32730
TP 31900",US30,SELL ,32900.0,33040.0,32870.0,32790.0,32730.0,31900.0
3070,2022-08-24 05:59:41+00:00,"XAUUSD SELL  1747.00 limit 1750
SL 1760
TP 1744
TP 1737
TP 1680",XAUUSD,SELL ,1750.0,1760.0,1744.0,1737.0,1680.0,
3068,2022-08-23 06:40:48+00:00,"XAUUSD SELL  1736.00 limit 1739
SL 1746
TP 1733
TP 1727
TP 1680",XAUUSD,SELL ,1739.0,1746.0,1733.0,1727.0,1680.0,
3055,2022-08-19 07:01:30+00:00,"XAUUSD SELL  1756.00 limit 1760
SL 1770
TP 1753
TP 1747
TP 1700",XAUUSD,SELL ,1760.0,1770.0,1753.0,1747.0,1700.0,
3051,2022-08-18 10:18:46+00:00,"NAS100 SELL 13500
SL 13540
TP 13470
TP 13390
TP 13300
SL 12400",NAS100,SELL ,13500.0,12400.0,13470.0,13390.0,13300.0,
3045,2022-08-17 00:40:09+00:00,"US30 SELL STOP 34150
SL 34300
TP 34120
TP 34040
TP 33400
TP 33400",US30,SELL STOP,34150.0,34300.0,34120.0,34040.0,33400.0,33400.0
3041,2022-08-16 10:09:04+00:00,"NAS100 BUY STOP 13610
SL 13500
TP 13640
TP 13700
TP 13800
TP 14500",NAS100,BUY STOP,13610.0,13500.0,13640.0,13700.0,13800.0,14500.0
3037,2022-08-16 06:05:44+00:00,"XAUUSD SELL  1782.00 limit 1785
SL 1795
TP 1779
TP 1775
TP 1700",XAUUSD,SELL ,1785.0,1795.0,1779.0,1775.0,1700.0,
3027,2022-08-15 04:13:03+00:00,"XAUUSD SELL  1795.00 limit 1798
SL 1807
TP 1792
TP 1788
TP 1730",XAUUSD,SELL ,1798.0,1807.0,1792.0,1788.0,1730.0,
3011,2022-08-12 10:02:11+00:00,"GER30 SELL  13800.00
SL 13940
TP 13770
TP 13720
TP 13640
TP 12900",GER30,SELL ,13800.0,13940.0,13770.0,13720.0,13640.0,12900.0
3009,2022-08-12 08:04:13+00:00,"NAS100 SELL 13380
SL 13530
TP 13350
TP 13300
TP 13200
TP 12300",NAS100,SELL ,13380.0,13530.0,13350.0,13300.0,13200.0,12300.0
3002,2022-08-11 07:59:19+00:00,"XAUUSD BUY STOP  1788.00 
SL 1777
TP 1791
TP 1797
TP 1850",XAUUSD,BUY STOP,1788.0,1777.0,1791.0,1797.0,1850.0,
3000,2022-08-11 06:39:55+00:00,"XAUUSD SELL  1787.00 
SL 1798
TP 1783
TP 1779
TP 1720",XAUUSD,SELL ,1787.0,1798.0,1783.0,1779.0,1720.0,
2995,2022-08-10 15:35:18+00:00,"US30 SELL 33320
SL 33460
TP 33290
TP 33200
TP 33100
TP 32500",US30,SELL ,33320.0,33460.0,33290.0,33200.0,33100.0,32500.0
2993,2022-08-10 13:32:47+00:00,"NAS100 SELL 13300
SL 13440
TP 13270
TP 13210
TP 12060
TP 12300",NAS100,SELL ,13300.0,13440.0,13270.0,13210.0,12060.0,12300.0
2990,2022-08-10 12:45:16+00:00,"US30 SELL 33200
SL 33340
TP 33170
TP 33100
TP 32980
TP 31500",US30,SELL ,33200.0,33340.0,33170.0,33100.0,32980.0,31500.0
2988,2022-08-10 07:44:57+00:00,"GER30 SELL 13550 limit 13600
SL 13730
TP 13520
TP 13460
TP 13380
TP 12600",GER30,SELL ,13600.0,13730.0,13520.0,13460.0,13380.0,12600.0
2983,2022-08-09 15:56:37+00:00,"US30 SELL STOP 32800
SL 32940
TP 32770
TP 32680
TP 32640
TP 31700",US30,SELL STOP,32800.0,32940.0,32770.0,32680.0,32640.0,31700.0
2977,2022-08-08 14:07:43+00:00,"NAS100 SELL 13360 LIMIT 13400
SL 13540
TP 13330
TP 13250
TP 13200
TP 12500",NAS100,SELL ,13400.0,13540.0,13330.0,13250.0,13200.0,12500.0
2974,2022-08-08 12:33:16+00:00,"XAUUSD SELL  1775.00 limit
SL 1790
TP 1782
TP 1776
TP 1720",XAUUSD,SELL ,1775.0,1790.0,1782.0,1776.0,1720.0,
2973,2022-08-08 10:22:49+00:00,"XAUUSD SELL  1778.00 limit 1781
SL 1790
TP 1775
TP 1770
TP 1720",XAUUSD,SELL ,1781.0,1790.0,1775.0,1770.0,1720.0,
2965,2022-08-05 13:57:12+00:00,"US30 SELL limit 32700
SL 32850
TP 32670
TP 32610
TP 32500
TP 31800",US30,SELL ,32700.0,32850.0,32670.0,32610.0,32500.0,31800.0
2949,2022-08-04 12:26:02+00:00,"XAUUSD SELL  1787.00 limit 1790
SL 1802
TP 1784
TP 1780
TP 1720",XAUUSD,SELL ,1790.0,1802.0,1784.0,1780.0,1720.0,
2942,2022-08-03 17:31:04+00:00,"US30 SELL limit 32900
SL 33040
TP 32870
TP 32810
TP 32700
TP 31800",US30,SELL ,32900.0,33040.0,32870.0,32810.0,32700.0,31800.0
2939,2022-08-03 05:52:16+00:00,"XAUUSD SELL  1770.00 limit 1773
SL 1783
TP 1767
TP 1761
TP 1700",XAUUSD,SELL ,1773.0,1783.0,1767.0,1761.0,1700.0,
2938,2022-08-03 04:03:27+00:00,"GBPUSD BUY 1.21800
SL 1.20900
TP 1.22100
TP 1.22700
TP 1 23400
TP 1.28000",GBPUSD,BUY ,1.218,1.209,1.221,1.227,23400.0,1.28
2934,2022-08-02 13:44:23+00:00,"NAS100  SELL 12900
SL 13150
TP 12870
TP 12800
TP 12700
TP 11900",NAS100,SELL ,12900.0,13150.0,12870.0,12800.0,12700.0,11900.0
2932,2022-08-02 12:34:20+00:00,"XAUUSD SELL limit 1790.00 other 95
SL 1803
TP 1787
TP 1781
TP 1710",XAUUSD,SELL ,95.0,1803.0,1787.0,1781.0,1710.0,
2925,2022-08-02 04:28:11+00:00,"NAS100  SELL 12890
SL 13040
TP 12860
TP 12800
TP 12700
TP 11900",NAS100,SELL ,12890.0,13040.0,12860.0,12800.0,12700.0,11900.0
2919,2022-08-01 12:05:23+00:00,"US30 SELL 32850
SL 33000
TP 32820
TP 32760
TP 32700
TP 31700",US30,SELL ,32850.0,33000.0,32820.0,32760.0,32700.0,31700.0
2917,2022-08-01 07:36:21+00:00,"XAUUSD SELL  1766.00 limit 1770
SL 1780
TP 1763
TP 1757
TP 1700",XAUUSD,SELL ,1770.0,1780.0,1763.0,1757.0,1700.0,
2916,2022-08-01 06:26:42+00:00,"US30 SELL 32730
SL 32880
TP 32700
TP 32640
TP 32560
TP 31400",US30,SELL ,32730.0,32880.0,32700.0,32640.0,32560.0,31400.0
2906,2022-07-29 07:27:22+00:00,"XAUUSD SELL  1766.00 limit 1770
SL 1780
TP 1763
TP 1757
TP 1700",XAUUSD,SELL ,1770.0,1780.0,1763.0,1757.0,1700.0,
2900,2022-07-28 08:32:05+00:00,"XAUUSD SELL  1747.00 limit 1750
SL 1760
TP 1744
TP 1740
TP 1680",XAUUSD,SELL ,1750.0,1760.0,1744.0,1740.0,1680.0,
2898,2022-07-28 03:24:34+00:00,"US30 SELL 32160
SL 32300
TP 32130
TP 32060
TP 32000
TP 31400",US30,SELL ,32160.0,32300.0,32130.0,32060.0,32000.0,31400.0
2891,2022-07-26 13:32:41+00:00,"XAUUSD BUY  17020.00
SL 1708
TP 1723
TP 1729
TP 1790",XAUUSD,BUY ,17020.0,1708.0,1723.0,1729.0,1790.0,
2889,2022-07-26 12:37:37+00:00,"US30 BUY 31880
SL 31730
TP 31920
TP 32200
TP 32300
TP 32900",US30,BUY ,31880.0,31730.0,31920.0,32200.0,32300.0,32900.0
2884,2022-07-25 08:27:25+00:00,"GER30 BUY 13220.00
SL 13080
TP 13250
TP 13300
TP 13350
TP 13900",GER30,BUY ,13220.0,13080.0,13250.0,13300.0,13350.0,13900.0
2883,2022-07-25 03:22:23+00:00,"XAUUSD BUY  1727.00
SL 1715
TP 1730
TP 1734
TP 1790",XAUUSD,BUY ,1727.0,1715.0,1730.0,1734.0,1790.0,
2871,2022-07-21 12:56:00+00:00,"US30 SELL 31900
SL 32050
TP 31870
TP 31800
TP 31700
TP 31000",US30,SELL ,31900.0,32050.0,31870.0,31800.0,31700.0,31000.0
2866,2022-07-21 07:01:31+00:00,"GBPJPY SELL 165.800
SL 166.800
TP 165.500
TP 164.400
TP 164.000
TP 160.200",GBPJPY,SELL ,165.8,166.8,165.5,164.4,164.0,160.2
2864,2022-07-21 00:41:30+00:00,"XAUUSD BUY  1694.00
SL 1682
TP 1697
TP 1703
TP 1760",XAUUSD,BUY ,1694.0,1682.0,1697.0,1703.0,1760.0,
2862,2022-07-20 13:23:10+00:00,"NAS100  BUY limit  12150
SL 12000
TP 12190
TP 12250
TP 12320
TP 13300",NAS100,BUY ,12150.0,12000.0,12190.0,12250.0,12320.0,13300.0
2851,2022-07-19 05:18:48+00:00,"US30 BUY 31100
SL 30960
TP 31130
TP 31190
TP 31280
TP 32400",US30,BUY ,31100.0,30960.0,31130.0,31190.0,31280.0,32400.0
2850,2022-07-19 05:18:10+00:00,"NAS100  BUY  11900
SL 11760
TP 11930
TP 11980
TP 12100
TP 12700",NAS100,BUY ,11900.0,11760.0,11930.0,11980.0,12100.0,12700.0
2839,2022-07-15 14:24:21+00:00,"XAUUSD BUY  1700.00
SL 1688
TP 1703
TP 1709
TP 1780",XAUUSD,BUY ,1700.0,1688.0,1703.0,1709.0,1780.0,
2837,2022-07-15 13:01:54+00:00,"XAUUSD BUY STOP 1710.00
SL 1697
TP 1713
TP 1719
TP 1770",XAUUSD,BUY STOP,1710.0,1697.0,1713.0,1719.0,1770.0,
2831,2022-07-14 06:01:38+00:00,"US30 SELL 30700
SL 30840
TP 30670
TP 30580
TP 30500
TP 29700",US30,SELL ,30700.0,30840.0,30670.0,30580.0,30500.0,29700.0
2826,2022-07-13 06:08:22+00:00,"NAS100  BUY STOP 11800
SL 11660
TP 11830
TP 11920
TP 12000
TP 12800",NAS100,BUY STOP,11800.0,11660.0,11830.0,11920.0,12000.0,12800.0
2819,2022-07-08 14:50:39+00:00,"US30 SELL 31460
SL 31600
TP 31400
TP 31350
TP 31300
TP 30700",US30,SELL ,31460.0,31600.0,31400.0,31350.0,31300.0,30700.0
2818,2022-07-08 13:07:44+00:00,"XAUUSD SELL  1740.00
SL 1752
TP 1735
TP 1732
TP 1670",XAUUSD,SELL ,1740.0,1752.0,1735.0,1732.0,1670.0,
2814,2022-07-07 14:39:22+00:00,"XAUUSD SELL  1746.00
SL 1757
TP 1742
TP 1738
TP 1670",XAUUSD,SELL ,1746.0,1757.0,1742.0,1738.0,1670.0,
2808,2022-07-06 13:06:57+00:00,"XAUUSD SELL  1766.00
SL 1778
TP 1762
TP 1758
TP 1700",XAUUSD,SELL ,1766.0,1778.0,1762.0,1758.0,1700.0,
2805,2022-07-06 08:55:42+00:00,"US30 BUY 30900
SL 30750
TP 30940
TP 31000
TP 31100
TP 31800",US30,BUY ,30900.0,30750.0,30940.0,31000.0,31100.0,31800.0
2798,2022-07-05 13:43:59+00:00,"US30 BUY limit 30400
SL 30370
TP 30440
TP 30500
TP 30600
TP 31200",US30,BUY ,30400.0,30370.0,30440.0,30500.0,30600.0,31200.0
2793,2022-07-04 09:52:02+00:00,"US30 BUY  31000
SL 30860
TP 31050
TP 31100
TP 31200
TP 31800",US30,BUY ,31000.0,30860.0,31050.0,31100.0,31200.0,31800.0
2790,2022-07-04 05:42:58+00:00,"XAUUSD SELL limit 1820.00
SL 1832
TP 1816
TP 1810
TP 1770",XAUUSD,SELL ,1820.0,1832.0,1816.0,1810.0,1770.0,
2781,2022-06-30 13:04:02+00:00,"XAUUSD SELL  1824.00
SL 1835
TP 1820
TP 1815
TP 1770",XAUUSD,SELL ,1824.0,1835.0,1820.0,1815.0,1770.0,
2773,2022-06-29 13:32:41+00:00,"NAS100  SELL 11600
SL 11760
TP 11570
TP 11530
TP 11450
TP 11000",NAS100,SELL ,11600.0,11760.0,11570.0,11530.0,11450.0,11000.0
2772,2022-06-29 12:53:33+00:00,"XAUUSD SELL  limit 1836.00
SL 1846
TP 1832
TP 1827
TP 1770",XAUUSD,SELL ,1836.0,1846.0,1832.0,1827.0,1770.0,
2765,2022-06-28 13:46:25+00:00,"US30 SELL  31800
SL 31960
TP 31750
TP 31690
TP 31520
TP 30800",US30,SELL ,31800.0,31960.0,31750.0,31690.0,31520.0,30800.0
2763,2022-06-28 13:31:43+00:00,"XAUUSD SELL  1825.00
SL 1835
TP 1821
TP 1816
TP 1770",XAUUSD,SELL ,1825.0,1835.0,1821.0,1816.0,1770.0,
2757,2022-06-27 13:32:53+00:00,"US30 SELL  31550
SL 31700
TP 31510
TP 31400
TP 31300
TP 29500",US30,SELL ,31550.0,31700.0,31510.0,31400.0,31300.0,29500.0
2751,2022-06-24 12:14:09+00:00,"US30 SELL  30920
SL 31060
TP 30880
TP 30800
TP 30700
TP 30000",US30,SELL ,30920.0,31060.0,30880.0,30800.0,30700.0,30000.0
2747,2022-06-23 14:27:16+00:00,"US30 SELL  306010
SL 30760
TP 30560
TP 30500
TP 30400
TP 30000",US30,SELL ,306010.0,30760.0,30560.0,30500.0,30400.0,30000.0
2732,2022-06-21 10:38:22+00:00,"XAUUSD BUY limit  1831.00 more  1826
SL 1817
TP 1835
TP 1840
TP 1890",XAUUSD,BUY ,1826.0,1817.0,1835.0,1840.0,1890.0,
2722,2022-06-20 10:11:04+00:00,"US30 BUY  30030
SL 29970
TP 30060
TP 30160
TP 30300
TP 31000",US30,BUY ,30030.0,29970.0,30060.0,30160.0,30300.0,31000.0
2715,2022-06-17 00:20:17+00:00,"US30 BUY  29080
SL 29960
TP 30010
TP 30180
TP 30300
TP 31000",US30,BUY ,29080.0,29960.0,30010.0,30180.0,30300.0,31000.0
2711,2022-06-16 15:37:59+00:00,"XAUUSD SELL  1844.00 limit 1847
SL 1857
TP 1840
TP 1835
TP 1780",XAUUSD,SELL ,1847.0,1857.0,1840.0,1835.0,1780.0,
2703,2022-06-15 13:32:41+00:00,"US30 BUY  30600
SL 30450
TP 30640
TP 30700
TP 30800
TP 31600",US30,BUY ,30600.0,30450.0,30640.0,30700.0,30800.0,31600.0
2698,2022-06-14 09:02:31+00:00,"XAUUSD SELL  1826.00 limit 1830
SL 1841
TP 1822
TP 1817
TP 1770",XAUUSD,SELL ,1830.0,1841.0,1822.0,1817.0,1770.0,
2692,2022-06-13 06:07:03+00:00,"XAUUSD SELL 1865.00
SL 1875
TP 1861
TP 1857
TP 1800",XAUUSD,SELL ,1865.0,1875.0,1861.0,1857.0,1800.0,
2691,2022-06-13 04:30:04+00:00,"US30 BUY  31100
SL 31000
TP 31140
TP 31200
TP 31300
TP 32000",US30,BUY ,31100.0,31000.0,31140.0,31200.0,31300.0,32000.0
2683,2022-06-09 10:54:44+00:00,"US30 BUY   33050
SL 32920
TP 33080
TP 33160
TP 33250
SL 34000",US30,BUY ,33050.0,34000.0,33080.0,33160.0,33250.0,
2678,2022-06-08 13:48:24+00:00,"XAUUSD SELL 1854.50
SL 1866
TP 1851
TP 1847
TP 1800",XAUUSD,SELL ,1854.5,1866.0,1851.0,1847.0,1800.0,
2677,2022-06-08 13:47:07+00:00,"US30 BUY STOP 33000
SL 32840
TP 33030
TP 33100
TP 33200
TP 34000",US30,BUY STOP,33000.0,32840.0,33030.0,33100.0,33200.0,34000.0
2674,2022-06-07 09:38:20+00:00,"XAUUSD SELL limit 1850.50
SL 1862
TP 1847
TP 1843
TP 1800",XAUUSD,SELL ,1850.5,1862.0,1847.0,1843.0,1800.0,
2669,2022-06-06 09:24:35+00:00,"NAS100  SELL 12730
SL 12860
TP 12700
TP 12630
TP 12550
TP 11700",NAS100,SELL ,12730.0,12860.0,12700.0,12630.0,12550.0,11700.0
2668,2022-06-06 04:13:23+00:00,"USDJPY SELL 130.600
SL 131.700
TP 130.400
TP 129.800
TP 128.000",USDJPY,SELL ,130.6,131.7,130.4,129.8,128.0,
2664,2022-06-02 13:37:50+00:00,"XAUUSD SELL 1865.00
SL 1875
TP 1860
TP 1855
TP 1800",XAUUSD,SELL ,1865.0,1875.0,1860.0,1855.0,1800.0,
2659,2022-06-01 13:39:09+00:00,"XAUUSD SELL 1848.00
SL 1860
TP 1845
TP 1840
TP 1810",XAUUSD,SELL ,1848.0,1860.0,1845.0,1840.0,1810.0,
2655,2022-05-31 06:03:30+00:00,"US30 BUY  33220
SL 33050
TP 33260
TP 33300
TP 33400
TP 34200",US30,BUY ,33220.0,33050.0,33260.0,33300.0,33400.0,34200.0
2654,2022-05-31 05:03:45+00:00,"XAUUSD SELL 1852.60
SL 1865
TP 1849
TP 1844
TP 1810",XAUUSD,SELL ,1852.6,1865.0,1849.0,1844.0,1810.0,
2639,2022-05-26 13:33:05+00:00,"NAS100 BUY 11920
SL 11850
TP 12060
TP 12120
TP 12200
TP 13000",NAS100,BUY ,11920.0,11850.0,12060.0,12120.0,12200.0,13000.0
2629,2022-05-24 08:25:28+00:00,"XAUUSD SELL 1860.00 limit 1864
TP 1857
TP 1852
TP 1830
SL 1875",XAUUSD,SELL ,1864.0,1875.0,1857.0,1852.0,1830.0,
2625,2022-05-23 09:02:30+00:00,"XAUUSD SELL 1862.00 limit 1866
TP 1858
TP 1854
TP 1830
SL 1875",XAUUSD,SELL ,1866.0,1875.0,1858.0,1854.0,1830.0,
2617,2022-05-19 10:24:56+00:00,"NAS100 BUY 11750
SL 13600
TP 11790
TP 11850
TP 11900
TP 12500",NAS100,BUY ,11750.0,13600.0,11790.0,11850.0,11900.0,12500.0
2610,2022-05-18 04:10:09+00:00,"XAUUSD BUY 1809.00
TP 1812
TP 1818
TP 1850
SL 1798",XAUUSD,BUY ,1809.0,1798.0,1812.0,1818.0,1850.0,
2607,2022-05-17 15:22:18+00:00,"XAUUSD BUY 1820.00
TP 1823
TP 1830
TP 1850
SL 1810",XAUUSD,BUY ,1820.0,1810.0,1823.0,1830.0,1850.0,
2603,2022-05-17 13:13:17+00:00,"US30 SELL  32640
SL 32800
TP 32600
TP 32500
TP 32400
TP 31800",US30,SELL ,32640.0,32800.0,32600.0,32500.0,32400.0,31800.0
2597,2022-05-16 06:18:30+00:00,"XAUUSD BUY 1805.00
TP 1809
TP 1813
TP 1850
SL 1795",XAUUSD,BUY ,1805.0,1795.0,1809.0,1813.0,1850.0,
2592,2022-05-13 13:26:12+00:00,"XAUUSD BUY 1802.30
TP 1806
TP 1811
TP 1850
SL 1790",XAUUSD,BUY ,1802.3,1790.0,1806.0,1811.0,1850.0,
2586,2022-05-12 11:16:39+00:00,"XAUUSD BUY  1845.50
SL 1834.50
TP 1850
TP 1853
TP 1900",XAUUSD,BUY ,1845.5,1834.5,1850.0,1853.0,1900.0,
2583,2022-05-12 10:34:17+00:00,"US30 BUY 31680
SL 31500
TP 31720
TP 31800
TP 32500",US30,BUY ,31680.0,31500.0,31720.0,31800.0,32500.0,
2579,2022-05-11 09:06:19+00:00,"XAUUSD SELL  1851.00
SL 1862.50
TP 1848
TP 1843
TP 1800",XAUUSD,SELL ,1851.0,1862.5,1848.0,1843.0,1800.0,
2572,2022-05-10 13:18:02+00:00,"XAUUSD SELL  1863.0
SL 1875
TP 1859
TP 1853
TP 1800",XAUUSD,SELL ,1863.0,1875.0,1859.0,1853.0,1800.0,
2570,2022-05-10 12:10:13+00:00,"USDCAD SELL 1.30100
SL 1.31000
TP 1.29700
TP 1.29000
TP 1.28000",USDCAD,SELL ,1.301,1.31,1.297,1.29,1.28,
2567,2022-05-10 08:20:30+00:00,"XAUUSD BUY  1860.00
SL 1850
TP 1864
TP 1868
TP 1900",XAUUSD,BUY ,1860.0,1850.0,1864.0,1868.0,1900.0,
2561,2022-05-09 18:37:45+00:00,"NAS100 BUY 12240
SL 12100
TP 12300
TP 12350
TP 12400
TP 13000",NAS100,BUY ,12240.0,12100.0,12300.0,12350.0,12400.0,13000.0
2557,2022-05-09 13:35:15+00:00,"US30 BUY  32450
TP 32600
TP 32650
TP 32700
TP 33300
SL 32300",US30,BUY ,32450.0,32300.0,32600.0,32650.0,32700.0,33300.0
2545,2022-05-05 12:11:31+00:00,"XAUUSD SELL  1900.50
SL 1912
TP 1897
TP 1892
TP 1810",XAUUSD,SELL ,1900.5,1912.0,1897.0,1892.0,1810.0,
2539,2022-05-05 06:38:23+00:00,"NAS100 SELL 13500
SL 13650
TP 13470
TP 13400
TP 13300
TP 12900",NAS100,SELL ,13500.0,13650.0,13470.0,13400.0,13300.0,12900.0
2536,2022-05-04 19:55:50+00:00,"US30 SELL 34100
SL 34250
TP 34060
TP 34000
TP 33100",US30,SELL ,34100.0,34250.0,34060.0,34000.0,33100.0,
2533,2022-05-04 19:16:10+00:00,"XAUUSD SELL  1889.00
SL 1903
TP 1885
TP 1881
TP 1810",XAUUSD,SELL ,1889.0,1903.0,1885.0,1881.0,1810.0,
2529,2022-05-04 18:42:30+00:00,"XAUUSD SELL LIMIT 1887
SL 1895
TP 1884
TP 1879
TP 1820",XAUUSD,SELL ,1887.0,1895.0,1884.0,1879.0,1820.0,
2523,2022-04-27 13:46:03+00:00,"US30 SELL 33530
SL 33630
TP 33500
TP 33430
TP 33330
TP 33030",US30,SELL ,33530.0,33630.0,33500.0,33430.0,33330.0,33030.0
2514,2022-04-26 08:44:48+00:00,"XAUUSD SELL 1903
SL 1913
TP 1900
TP 1893
TP 1883
TP 1855",XAUUSD,SELL ,1903.0,1913.0,1900.0,1893.0,1883.0,1855.0
2513,2022-04-26 08:43:07+00:00,"US30 SELL 33940
SL 34040
TP 33910
TP 33840
TP 33740
TP 33540",US30,SELL ,33940.0,34040.0,33910.0,33840.0,33740.0,33540.0
2509,2022-04-25 13:57:11+00:00,"NAS100 SELL 13330
SL 13430
TP 13300
TP 14230
TP 13130
TP 12900",NAS100,SELL ,13330.0,13430.0,13300.0,14230.0,13130.0,12900.0
2506,2022-04-25 13:43:09+00:00,"US30 SELL 33650
SL 33750
TP 33620
TP 33550
TP 33450 
TP 33200",US30,SELL ,33650.0,33750.0,33620.0,33550.0,33450.0,33200.0
2496,2022-04-21 13:48:59+00:00,"NAS100 SELL 14255
SL 14355
TP 14225
TP 14155
TP 13055
TP 13755",NAS100,SELL ,14255.0,14355.0,14225.0,14155.0,13055.0,13755.0
2494,2022-04-21 12:41:11+00:00,"XAUUSD SELL 1948
SL 1958
TP 1945
TP 1940
TP 1930
TP 1920",XAUUSD,SELL ,1948.0,1958.0,1945.0,1940.0,1930.0,1920.0
2493,2022-04-21 07:01:55+00:00,"NAS100 SELL 14080
SL 14200
TP 14050
TP 14000
TP 13900
TP 13700",NAS100,SELL ,14080.0,14200.0,14050.0,14000.0,13900.0,13700.0
2459,2022-04-14 11:17:16+00:00,"XAUUSD SELL 1975
SL 1977

TP 1973

TP 1970

TP 1966",XAUUSD,SELL ,1975.0,1977.0,1973.0,1970.0,1966.0,
2440,2022-04-11 11:13:27+00:00,"XAUUSD SELL 1957/1965
SL 1972

TP 1952

TP 1945

TP 1936

USE BIG LOT 💯 💯
ENJOY FREE PROFIT",XAUUSD,SELL ,1965.0,1972.0,1952.0,1945.0,1936.0,
2409,2022-04-07 08:59:57+00:00,"XAUUSD BUY 1926
SL 1914

TP 1929

TP 1940",XAUUSD,BUY ,1926.0,1914.0,1929.0,1940.0,,
2404,2022-04-05 10:46:25+00:00,"XAUUSD BUY 1927.50
SL 1925

TP 1929.50

TP 1932.50",XAUUSD,BUY ,1927.5,1925.0,1929.5,1932.5,,
2378,2022-03-31 17:44:41+00:00,"XAUUSD SELL 1948
SL 1956

TP 1945

TP 1930

TP 1890",XAUUSD,SELL ,1948.0,1956.0,1945.0,1930.0,1890.0,
2368,2022-03-31 04:56:26+00:00,"XAUUSD BUY 1920
ONE MORE 1916
SL 1909

TP 1928

TP 1950",XAUUSD,BUY ,1920.0,,,1928.0,1950.0,
2362,2022-03-30 08:30:17+00:00,"GBPAUD BUY 1.74600
SL 1.73900

TP 1.75000

TP 1.76300

USE BIG LOT",GBPAUD,BUY ,1.746,1.739,1.75,1.763,,
2360,2022-03-30 01:25:57+00:00,"XAUUSD BUY 1922
SL 1905

TP 1928

TP 1950",XAUUSD,BUY ,1922.0,1905.0,1928.0,1950.0,,
2359,2022-03-29 08:43:48+00:00,"XAUUSD BUY 1913
SL 1908

TP 1920

TP 1927",XAUUSD,BUY ,1913.0,1908.0,1920.0,1927.0,,
2336,2022-03-28 08:27:14+00:00,"XAUUSD BUY 1930
SL 1922

TP 1935

TP 1950


USE BIG LOT 💯 💯",XAUUSD,BUY ,1930.0,1922.0,1935.0,1950.0,,
2296,2022-03-24 11:46:46+00:00,"XAUUSD BUY 1951
SL 1935

TP 1958

TP 1965

TP 1974


USE BIG LOT 💯 💯",XAUUSD,BUY ,1951.0,1935.0,1958.0,1965.0,1974.0,
2294,2022-03-24 11:32:23+00:00,"XAUUSD BUY limit 1941
SL 1936

TP 1945

TP 1948


USE BIG LOT 💯 💯",XAUUSD,BUY ,1941.0,1936.0,1945.0,1948.0,,
2286,2022-03-24 02:04:30+00:00,"US30  BUY 34360

SL 34310

TP 34390

TP 34440

TP 34560

USE PROPER RISK MANAGEMENT",US30,BUY ,34360.0,34310.0,34390.0,34440.0,34560.0,
2281,2022-03-24 01:45:19+00:00,"XAUUSD SELL  1943
SL 1952

TP 1939

TP 1930

TP 1923

USE BIG LOT 💯 💯",XAUUSD,SELL ,1943.0,1952.0,1939.0,1930.0,1923.0,
2251,2022-03-14 01:18:36+00:00,"XAUUSD BUY  1972
SL 1968

TP 1976

TP 1980

TP 1984

USE PROPER RISK MANAGEMENT",XAUUSD,BUY ,1972.0,1968.0,1976.0,1980.0,1984.0,
2249,2022-03-11 04:48:52+00:00,"XAUUSD BUY  1986 limit 1980
SL 1985

TP 1995

TP 2020

TP 2030

USE PROPER RISK MANAGEMENT",XAUUSD,BUY ,1980.0,1985.0,1995.0,2020.0,2030.0,
2245,2022-03-10 15:56:39+00:00,"EURUSD BUY  1.10160
SL 1.09700

TP 1.10560

TP 1.10960


TP 1.11660

USE PROPER RISK MANAGEMENT",EURUSD,BUY ,1.1016,1.097,1.1056,1.1096,1.1166,
2244,2022-03-10 14:57:07+00:00,"XAUUSD BUY  2000
SL 1980

TP 2006

TP 2020

TP 2030

USE PROPER RISK MANAGEMENT",XAUUSD,BUY ,2000.0,1980.0,2006.0,2020.0,2030.0,
2229,2022-03-10 07:05:44+00:00,"XAUUSD BUY  1981
SL 1960

TP 1986

TP 1993

TP 2005

USE PROPER RISK MANAGEMENT",XAUUSD,BUY ,1981.0,1960.0,1986.0,1993.0,2005.0,
2219,2022-03-10 01:06:29+00:00,"XAUUSD BUY  1973
SL 1960

TP 1980

TP 1990

TP 2005

USE PROPER RISK MANAGEMENT",XAUUSD,BUY ,1973.0,1960.0,1980.0,1990.0,2005.0,
2207,2022-03-09 14:43:32+00:00,"US30  SELL 33300

SL 33400

TP 33220

TP 33170

TP 33120

USE PROPER RISK MANAGEMENT",US30,SELL ,33300.0,33400.0,33220.0,33170.0,33120.0,
2206,2022-03-09 14:38:38+00:00,"XAUUSD BUY  1986
SL 1974

TP 1990

TP 1997

TP 2005

USE PROPER RISK MANAGEMENT",XAUUSD,BUY ,1986.0,1974.0,1990.0,1997.0,2005.0,
2194,2022-03-09 12:58:02+00:00,"XAUUSD SELL  2013 limit 2020
SL 2027

TP 2002

TP 1986


USE PROPER RISK MANAGEMENT",XAUUSD,SELL ,2020.0,2027.0,2002.0,1986.0,,
2190,2022-03-09 11:01:35+00:00,"XAUUSD SELL  2014
SL 2026

TP 2011

TP 2005

TP 1990

USE PROPER RISK MANAGEMENT",XAUUSD,SELL ,2014.0,2026.0,2011.0,2005.0,1990.0,
2184,2022-03-09 01:02:21+00:00,"XAUUSD BUY  2025
SL 2018

TP 2031

TP 2035

TP 2042

USE PROPER RISK MANAGEMENT",XAUUSD,BUY ,2025.0,2018.0,2031.0,2035.0,2042.0,
2172,2022-03-08 16:02:38+00:00,"XAUUSD BUY  2045
ONE MORE 2040
SL 2033

TP 2049

TP 2054

TP 2064

USE PROPER RISK MANAGEMENT",XAUUSD,BUY ,2045.0,,,2049.0,2054.0,2064.0
2171,2022-03-08 15:57:23+00:00,"US30  SELL 32770

SL 32870

TP 32740

TP 32700

TP 32640

USE PROPER RISK MANAGEMENT",US30,SELL ,32770.0,32870.0,32740.0,32700.0,32640.0,
2165,2022-03-08 15:28:54+00:00,"US30  SELL 32700

SL 32800

TP 32660

TP 32620

TP 32580

USE PROPER RISK MANAGEMENT",US30,SELL ,32700.0,32800.0,32660.0,32620.0,32580.0,
2162,2022-03-08 15:11:52+00:00,"XAUUSD BUY  2045

SL 2035

TP 2050

TP 2060

TP 2070

USE PROPER RISK MANAGEMENT",XAUUSD,BUY ,2045.0,2035.0,2050.0,2060.0,2070.0,
2155,2022-03-03 10:41:24+00:00,"USOIL BUY  111.800

SL 110.600

TP 112.500

TP 113.100

TP 113.800

USE PROPER RISK MANAGEMENT",USOIL,BUY ,111.8,110.6,112.5,113.1,113.8,
2147,2022-03-01 16:53:59+00:00,"US30  SELL 33250

SL 33370

TP 33220

TP 33170

TP 33120

USE PROPER RISK MANAGEMENT",US30,SELL ,33250.0,33370.0,33220.0,33170.0,33120.0,
2146,2022-03-01 16:50:39+00:00,"XAUUSD BUY  1933

SL 1923

TP 1838

TP 1960

TP 1970

USE PROPER RISK MANAGEMENT",XAUUSD,BUY ,1933.0,1923.0,1838.0,1960.0,1970.0,
2070,2022-02-16 18:23:31+00:00,"XAUUSD SELL  1870

SL 1883

TP 1866

TP 1862

TP 1848

USE PROPER RISK MANAGEMENT",XAUUSD,SELL ,1870.0,1883.0,1866.0,1862.0,1848.0,
2019,2022-02-15 13:31:41+00:00,"XAUUSD BUY 1846
SL 1840
TP 1850
TP 1858",XAUUSD,BUY ,1846.0,1840.0,1850.0,1858.0,,
1997,2022-02-15 04:46:34+00:00,"XAUUSD SELL  1878

SL 1888

TP 1876

TP 1872

TP 1848

USE PROPER RISK MANAGEMENT",XAUUSD,SELL ,1878.0,1888.0,1876.0,1872.0,1848.0,
1972,2022-02-14 14:37:12+00:00,"XAUUSD SELL  1864

SL 1868

TP 1860

TP 1854

TP 1848

USE PROPER RISK MANAGEMENT",XAUUSD,SELL ,1864.0,1868.0,1860.0,1854.0,1848.0,
1803,2022-02-02 10:01:24+00:00,"XTIUSD SELL 87.40
SL 88.80
TP 87.00
TP 86.20
TP 83.00",XTIUSD,SELL ,87.4,88.8,87.0,86.2,83.0,
1800,2022-02-02 09:54:58+00:00,"US30 SELL 35440

SL 35710    💰💰💰💰
TP  35410  TP 33300
TP 35000  💵💵💵💵
TP 34140 TRADE ✅✅",US30,SELL ,35440.0,35710.0,35410.0,33300.0,35000.0,34140.0
1797,2022-02-02 04:51:28+00:00,"GBPJPY sell now 155.146/155.446

SL : 155.700

TP 154.900
TP 154.600
TP 154.100",GBPJPY,SELL ,155.446,155.7,154.9,154.6,154.1,
1793,2022-02-01 17:25:44+00:00,"US30 SELL 35140

SL 35340
TP  35110  TP 33300
TP 34800
TP 34140
SCALPING SIGNAL TRADE ✅✅",US30,SELL ,35140.0,35340.0,35110.0,33300.0,34800.0,34140.0
1792,2022-02-01 17:23:05+00:00,"NAS100 SELL 14930

SL 15140
TP 14900        TP 14500
TP 14780         TP 13900

USE PROPER RISK MANAGEMENT",NAS100,SELL ,14930.0,15140.0,14900.0,14500.0,14780.0,13900.0
1791,2022-02-01 16:51:27+00:00,"XAUUSD SELL 1805.50

SL 1814

TP 1802

TP 18000

TP 1788

USE PROPER RISK MANAGEMENT",XAUUSD,SELL ,1805.5,1814.0,1802.0,18000.0,1788.0,
1762,2022-02-01 12:08:47+00:00,"XAUUSD SELL 1807.50

SL 1809.50

TP 1805.50

TP 1802.50

TP 1796.50

USE PROPER RISK MANAGEMENT",XAUUSD,SELL ,1807.5,1809.5,1805.5,1802.5,1796.5,
1680,2022-01-26 11:11:31+00:00,"NAS100 SELL 14460

 SL 14760.00

TP 14420             TP 15360

TP 14100             TP 13900.00

USE PROPER RISK MANAGEMENT",NAS100,SELL ,14460.0,14760.0,14420.0,15360.0,14100.0,13900.0
1679,2022-01-26 11:00:45+00:00,"US30 SELL 34655

SL 34780

TP 34600      TP 33600

TP 34300

SCALPING SIGNAL TRADE ✅✅",US30,SELL ,34655.0,34780.0,34600.0,33600.0,34300.0,
1655,2022-01-24 14:03:13+00:00,"US30 BUY 33850.00

SL 33700.00 

TP 33880.00           TP 33940.00

TP 34500.00           TP 34700.00

USE PROPER RISK MANAGEMENT",US30,BUY ,33850.0,33700.0,33880.0,33940.0,34500.0,34700.0
1603,2022-01-21 03:41:45+00:00,"US30 BUY 34510.00

SL 34300.00

TP 34540.00           TP 34610.00

TP 34900.00           TP 35100.00

USE PROPER RISK MANAGEMENT",US30,BUY ,34510.0,34300.0,34540.0,34610.0,34900.0,35100.0
1572,2022-01-20 15:04:49+00:00,"XAUUSD SELL 1847

SL 1864 ONE MORE LIMIT 1854

TP 1845

TP 1840

TP 1834

TP 1828

USE PROPER RISK MANAGEMENT",XAUUSD,SELL ,1847.0,1854.0,1845.0,1840.0,1834.0,1828.0
1495,2022-01-18 16:23:05+00:00,"NAS100 BUY  15300.00

 SL 15150.00

TP 15330.00        TP 15400.00

TP 15450.00        TP 15600.00

USE PROPER RISK MANAGEMENT",NAS100,BUY ,15300.0,15150.0,15330.0,15400.0,15450.0,15600.0
1408,2022-01-13 14:59:08+00:00,"💰US30 36430.00

 ❌SL 36670.00

✅TP 36400.00           ✅TP 36200.00

✅TP 35940.00           ✅TP 35800.00

USE PROPER RISK MANAGEMENT",US30,SELL LIMIT,36430.0,36670.0,36400.0,36200.0,35940.0,35800.0
1398,2022-01-13 08:50:45+00:00,"💰US30 36280.00

 ❌SL 36540.00

✅TP 36250.00           ✅TP 36100.00

✅TP 35800.00                ✅TP 35700.00

USE PROPER RISK MANAGEMENT",US30,SELL LIMIT,36280.0,36540.0,36250.0,36100.0,35800.0,35700.0
1363,2022-01-12 08:02:38+00:00,"💰GER30 SELL 16070.00

 ONE LIMIT 16150        ❌SL 16250.00

✅TP 16040.00            ✅TP 16010.00

✅TP 15900.00           ✅TP 15780.00

🚀USE PROPER RISK MANAGEMENT",GER30,SELL ,16070.0,16250.0,16040.0,16010.0,15900.0,15780.0
1307,2022-01-11 03:38:51+00:00,"US30  SELL 36110.00

 SL 3631000

TP 36080.00           TP 36050.00

TP 35900                  TP 357000.00

USE PROPER RISK MANAGEMENT",US30,SELL ,36110.0,3631000.0,36080.0,36050.0,35900.0,357000.0
1306,2022-01-11 03:38:08+00:00,"🥇XAUUSD SELL 1807

🚨SL 1819 ONE MORE LIMIT 1813

💰TP 1805

💸TP 1802

💴TP 1797

✅TP 1770

USE PROPER RISK MANAGEMENT",XAUUSD,SELL ,1807.0,1813.0,1805.0,1802.0,1797.0,1770.0
1302,2022-01-11 01:51:51+00:00,"🥇XAUUSD SELL 1805

🚨SL 1819 ONE MORE LIMIT 1807

💰TP 1803

💸TP 1800

💴TP 1795

✅TP 1770

USE PROPER RISK MANAGEMENT",XAUUSD,SELL ,1805.0,1807.0,1803.0,1800.0,1795.0,1770.0
1301,2022-01-11 01:47:41+00:00,"US30  SELL 36060.00

 SL 36270.00

TP 36030.00           TP 36000.00

TP 35900                  TP 357000.00

USE PROPER RISK MANAGEMENT",US30,SELL ,36060.0,36270.0,36030.0,36000.0,35900.0,357000.0
1289,2021-10-20 02:36:59+00:00,"XAUUSD buy now @ 1771.50 - 1768.50 (Layer)

SL 1765.50
TP1 1775.50
TP2 1778.50
TP3 1781.50",XAUUSD,BUY ,1768.5,1765.5,1775.5,1778.5,1781.5,
1288,2021-10-15 11:34:20+00:00,"XAUUSD buy @ 1783

SL 1779
TP1 1787
TP2 1790",XAUUSD,BUY ,1783.0,1779.0,1787.0,1790.0,,
1286,2021-10-14 08:05:45+00:00,"EURJPY sell @ 131.560

SL 131.860
TP1 131.410
TP2 131.260
TP3 131.060",EURJPY,SELL ,131.56,131.86,131.41,131.26,131.06,
1285,2021-10-14 08:03:43+00:00,"XAUUSD sell @ 1794.80

SL 1798.80
TP1 1792.80
TP2 1790.80
TP3 1788.80",XAUUSD,SELL ,1794.8,1798.8,1792.8,1790.8,1788.8,
1280,2021-10-12 04:46:17+00:00,"XAUUSD sell now @ 1757

SL 1761
TP1 1754
TP2 1750",XAUUSD,SELL ,1757.0,1761.0,1754.0,1750.0,,
1278,2021-10-11 08:11:01+00:00,"EURJPY sell @ 130.650

SL 130.950
TP1 130.500
TP2 130.350
TP3 130.150",EURJPY,SELL ,130.65,130.95,130.5,130.35,130.15,
1276,2021-10-11 05:07:09+00:00,"GBPAUD buy @ 1.86420

SL 1.86120
TP1 1.86570
TP2 1.86720
TP3 1.86920",GBPAUD,BUY ,1.8642,1.8612,1.8657,1.8672,1.8692,
1275,2021-10-11 05:04:53+00:00,"XAUUSD sell now (Small lot) @ 1756.70

SL 1760
TP1 1753.70
TP2 1750.70
TP3 1745.70
TP4 OPEN",XAUUSD,SELL ,1756.7,1760.0,1753.7,1750.7,1745.7,4.0
1270,2021-10-08 12:09:42+00:00,"XAUUSD sell now @ 1763.20

SL 1768.20
TP1 1758.20
TP2 1755.20
TP3 OPEN",XAUUSD,SELL ,1763.2,1768.2,1758.2,1755.2,3.0,
1266,2021-10-08 08:29:02+00:00,"EURAUD sell @ 1.58350

SL 1.58650
TP1 1.58200
TP2 1.58050",EURAUD,SELL ,1.5835,1.5865,1.582,1.5805,,
1265,2021-10-08 08:27:44+00:00,"GBPCAD sell @ 1.70600

SL 1.70900
TP1 1.70450
TP2 1.70300
TP3 1.70100",GBPCAD,SELL ,1.706,1.709,1.7045,1.703,1.701,
1264,2021-10-08 08:26:25+00:00,"XAUUSD buy @ 1755.50

SL 1752.50
TP1 1758.50
TP2 1761.50",XAUUSD,BUY ,1755.5,1752.5,1758.5,1761.5,,
1260,2021-10-07 13:54:47+00:00,"XAUUSD BUY @ 1755.6

SL 1752

TP 1758
TP 1759.59",XAUUSD,BUY ,1755.6,1752.0,1758.0,1759.59,,
1256,2021-10-07 10:29:57+00:00,"USDCAD buy @ 1.25800

SL 1.25500
TP1 1.25950
TP2 1.26100
TP3 1.26300",USDCAD,BUY ,1.258,1.255,1.2595,1.261,1.263,
1248,2021-10-06 05:34:34+00:00,"EURAUD sell @ 1.59490

SL 1.59890

TP1 1.59290
TP2 1.59090
TP3 1.58890",EURAUD,SELL ,1.5949,1.5989,1.5929,1.5909,1.5889,
1242,2021-10-05 15:46:27+00:00,"XAUUSD sell @1760 - 1762

SL 1764

TP 1758
TP 1756.50",XAUUSD,SELL ,1762.0,1764.0,1758.0,1756.5,,
1233,2021-10-05 00:56:54+00:00,"AUDUSD sell @ 0.72780

SL 0.73080
TP1 0.72630
TP2 0.72480
TP3 0.72280",AUDUSD,SELL ,0.7278,0.7308,0.7263,0.7248,0.7228,
1232,2021-10-05 00:55:22+00:00,"AUDNZD buy @ 1.04630

SL 1.04330
TP1 1.04780
TP2 1.04930
TP3 1.05130",AUDNZD,BUY ,1.0463,1.0433,1.0478,1.0493,1.0513,
1231,2021-10-04 17:29:01+00:00,"EURCAD sell @1.46142

SL 1.46430 

TP1  1.45930 
TP2 1.45630
TP3 1.45130",EURCAD,SELL ,1.46142,1.4643,1.4593,1.4563,1.4513,
1230,2021-10-04 17:26:26+00:00,"USDCHF sell @0.92455

SL 0.92740 

TP1  0.92240 
TP2 0.91940 
TP3 0.91440",USDCHF,SELL ,0.92455,0.9274,0.9224,0.9194,0.9144,
1220,2021-10-04 08:57:21+00:00,"EURAUD sell @ 1.59930

SL 1.60230
TP1 1.59730
TP2 1.59530",EURAUD,SELL ,1.5993,1.6023,1.5973,1.5953,,
1219,2021-10-04 08:41:21+00:00,"XAUUSD buy @1750.50

SL 1744

TP 1764.50",XAUUSD,BUY ,1750.5,1744.0,1764.5,,,
1217,2021-10-04 06:06:50+00:00,"GBPJPY buy @ 150.350

SL 150.000
TP1 150.550
TP2 150.750
TP3 150.950",GBPJPY,BUY ,150.35,150.0,150.55,150.75,150.95,
1180,2021-10-01 14:54:07+00:00,"XAUUSD sell @1759.2

SL 1764

TP 1754
TP 1750
TP OPEN",XAUUSD,SELL ,1759.2,1764.0,1754.0,1750.0,,
1178,2021-10-01 14:09:06+00:00,"XAUUSD sell @1758.3

SL 1762

TP 1754
TP 1750
TP OPEN",XAUUSD,SELL ,1758.3,1762.0,1754.0,1750.0,,
1166,2021-10-01 10:02:13+00:00,"GBPUSD buy @1.34940

SL 1.34670 

TP1  1.35170  
TP2 1.35470 
TP3 1.35970",GBPUSD,BUY ,1.3494,1.3467,1.3517,1.3547,1.3597,
1164,2021-10-01 09:58:56+00:00,"GBPCAD buy @1.71410

SL 1.71110

TP1  1.71610   
TP2 1.71910 
TP3 1.72410",GBPCAD,BUY ,1.7141,1.7111,1.7161,1.7191,1.7241,
1163,2021-10-01 09:58:55+00:00,"EURCAD buy @1.47040

SL 1.46740 

TP1  1.47240  
TP2 1.47540 
TP3 1.48040",EURCAD,BUY ,1.4704,1.4674,1.4724,1.4754,1.4804,
1158,2021-10-01 06:53:10+00:00,"GBPUSD buy @ 1.34510

SL 1.34210
TP1 1.34660
TP2 1.34810
TP3 1.34960",GBPUSD,BUY ,1.3451,1.3421,1.3466,1.3481,1.3496,
1154,2021-09-30 15:43:01+00:00,"XAUUSD sell @1761-1762 (Recovery signal)

SL 1766.5

TP 1755.17
TP 1748.33
TP hold",XAUUSD,SELL ,1762.0,1766.5,1755.17,1748.33,,
1151,2021-09-30 15:11:31+00:00,"XAUUSD sell @1760

SL 1764

TP 1754
TP 1747
TP HOLD",XAUUSD,SELL ,1760.0,1764.0,1754.0,1747.0,,
1147,2021-09-30 14:11:47+00:00,"XAUUSD sell @1748

SL 1753

TP 1744
TP 1740
TP 1734",XAUUSD,SELL ,1748.0,1753.0,1744.0,1740.0,1734.0,
1145,2021-09-30 14:01:43+00:00,"XAUUSD sell @1744

SL 1748

TP 1739
TP 1734
TP 1724",XAUUSD,SELL ,1744.0,1748.0,1739.0,1734.0,1724.0,
1116,2021-09-30 07:20:47+00:00,"USDJPY sell @ 112.000 (Small lot)

SL 112.200
TP1 111.800
TP2 111.600",USDJPY,SELL ,112.0,112.2,111.8,111.6,,
1114,2021-09-30 06:02:54+00:00,"XAUUSD buy limit @1729.87

SL 1724.87
TP 1734
TP 1738",XAUUSD,BUY ,1729.87,1724.87,1734.0,1738.0,,
1112,2021-09-30 04:54:16+00:00,"XAUUSD buy @1731-1732 

SL 1728.5
TP1 1735
TP2 1742",XAUUSD,BUY ,1732.0,1728.5,1735.0,1742.0,,
1100,2021-09-29 15:07:39+00:00,"XAUUSD sell @1732

SL 1734

TP 1725
TP 1720 
TP 1670",XAUUSD,SELL ,1732.0,1734.0,1725.0,1720.0,1670.0,
1080,2021-09-29 10:08:38+00:00,"GBPAUD sell @ 1.86610

SL 1.86910
TP1 1.86460
TP2 1.86410
TP3 1.86360",GBPAUD,SELL ,1.8661,1.8691,1.8646,1.8641,1.8636,
1077,2021-09-29 07:17:23+00:00,"XAUUSD buy @1737.4-1735

SL 1734

TP1 1742
TP2 1746
TP3 HOLD",XAUUSD,BUY ,1735.0,1734.0,1742.0,1746.0,3.0,
1063,2021-09-28 14:10:17+00:00,"XAUUSD sell @1733-1735

SL 1737.8

TP1 1730
TP2 1720
TP3 OPEN",XAUUSD,SELL ,1735.0,1737.8,1730.0,1720.0,3.0,
1055,2021-09-28 09:15:16+00:00,"EURGBP sell @ 0.85430

SL 0.85830
TP1 0.85280
TP2 0.85130
TP3 0.84930",EURGBP,SELL ,0.8543,0.8583,0.8528,0.8513,0.8493,
1052,2021-09-28 08:24:00+00:00,"NZDCAD BUY @0.88210-0.88230

SL 0.87910
TP1 0.88410
TP2 0.88710
TP3 0.89210",NZDCAD,BUY ,0.8823,0.8791,0.8841,0.8871,0.8921,
1051,2021-09-28 08:20:48+00:00,"EURAUD sell @ 1.60850

SL 1.61250
TP1 1.60700
TP2 1.60550
TP3 1.60350",EURAUD,SELL ,1.6085,1.6125,1.607,1.6055,1.6035,
1050,2021-09-28 08:08:08+00:00,"USDJPY buy @ 111.200

SL 110.800
TP1 111.350
TP2 111.500
TP3 111.700",USDJPY,BUY ,111.2,110.8,111.35,111.5,111.7,
1044,2021-09-28 06:20:08+00:00,"XAUUSD buy 1745

SL 1740
TP1 1750
TP2 1755
TP3 1760",XAUUSD,BUY ,1745.0,1740.0,1750.0,1755.0,1760.0,
1037,2021-09-28 02:31:31+00:00,"XAUUSD sell 1753.50

SL 1757.50
TP1 1745.50
TP2 1740.50",XAUUSD,SELL ,1753.5,1757.5,1745.5,1740.5,,
1021,2021-09-27 06:06:16+00:00,"NZDJPY sell @ 77.670

SL 78.070
TP1 77.520
TP2 77.370
TP3 77.170",NZDJPY,SELL ,77.67,78.07,77.52,77.37,77.17,
1020,2021-09-27 05:14:31+00:00,"GBPUSD buy @ 1.36790

SL 1.36540
TP1 1.36940
TP2 1.36990
TP3 1.37040",GBPUSD,BUY ,1.3679,1.3654,1.3694,1.3699,1.3704,
1018,2021-09-27 02:59:42+00:00,"EURUSD sell @ 1.17199

SL 1.17299
TP1 1.17099
TP2 1.17049
TP3 1.16999",EURUSD,SELL ,1.17199,1.17299,1.17099,1.17049,1.16999,
1005,2021-09-24 11:58:02+00:00,"GBPCAD BUY @1.73730

SL 1.73470 
TP1  1.73970 
TP2 1.74270 
TP3 1.74770",GBPCAD,BUY ,1.7373,1.7347,1.7397,1.7427,1.7477,
1004,2021-09-24 11:54:41+00:00,"USDJPY BUY LIMIT @110.440

SL 110.240
TP1  110.740
TP2 111.040
TP3 111.540",USDJPY,BUY ,110.44,110.24,110.74,111.04,111.54,
1003,2021-09-24 11:52:33+00:00,"USDCHF BUY @0.92410

SL 0.92110 
TP1  0.92610 
TP2 0.92910  
TP3 0.93410",USDCHF,BUY ,0.9241,0.9211,0.9261,0.9291,0.9341,
1002,2021-09-24 11:51:32+00:00,"USDCAD BUY @1.26970

SL 1.26670
TP1  1.27210 
TP2 1.27510 
TP3 1.28010",USDCAD,BUY ,1.2697,1.2667,1.2721,1.2751,1.2801,
1001,2021-09-24 11:48:51+00:00,"EURGBP BUY @0.85680

SL 0.85380 
TP1  0.85880
TP2 0.86180 
TP3 0.86680",EURGBP,BUY ,0.8568,0.8538,0.8588,0.8618,0.8668,
1000,2021-09-24 11:48:08+00:00,"EURCAD BUY @ 1.48750

SL 1.48450 
TP1  1.48950  
TP2 1.49250 
TP3 1.49750",EURCAD,BUY ,1.4875,1.4845,1.4895,1.4925,1.4975,
998,2021-09-24 11:41:54+00:00,"EURAUD BUY @1.61630

SL 1.61330 
TP1  1.61830
TP2 1.62130 
TP3 1.62630",EURAUD,BUY ,1.6163,1.6133,1.6183,1.6213,1.6263,
993,2021-09-23 12:36:01+00:00,"NZDUSD SELL @0.70544

SL 0.70844
TP1 0.70344
TP2 0.70044
TP3 0.69544",NZDUSD,SELL ,0.70544,0.70844,0.70344,0.70044,0.69544,
986,2021-09-23 07:24:35+00:00,"GBPAUD SELL NOW  @ 1.88160

SL 1.88560
TP1 1.88010
TP2 1.87860
TP3 1.87660",GBPAUD,SELL ,1.8816,1.8856,1.8801,1.8786,1.8766,
980,2021-09-23 02:34:22+00:00,"GBPUSD SELL(Layer) @ 1.36250 - 1.36450

SL 1.36550
TP1 1.35850
TP2 1.35450
TP3 1.35050",GBPUSD,SELL ,1.3645,1.3655,1.3585,1.3545,1.3505,
979,2021-09-23 02:15:23+00:00,"EURCHF BUY @1.08400

SL 1.08100 
TP1  1.08600
TP2 1.08900 
TP3 1.09400",EURCHF,BUY ,1.084,1.081,1.086,1.089,1.094,
978,2021-09-23 02:14:11+00:00,"GBPCHF BUY @1.26300

SL 1.26000 
TP1  1.26500  
TP2 1.26800 
TP3 1.27300",GBPCHF,BUY ,1.263,1.26,1.265,1.268,1.273,
977,2021-09-23 02:13:21+00:00,"USDCHF BUY @0.92710

SL 0.92410 
TP1  0.92910 
TP2 0.93210
TP3 0.93710",USDCHF,BUY ,0.9271,0.9241,0.9291,0.9321,0.9371,
976,2021-09-23 01:58:55+00:00,"AUDCHF BUY@ 0.67085

SL 0.66810 
TP1  0.67285
TP2 0.67585
TP3 0.68085",AUDCHF,BUY ,0.67085,0.6681,0.67285,0.67585,0.68085,
961,2021-09-22 13:19:32+00:00,"EURAUD BUY NOW  @ 1.61800

SL 1.61400
TP1 1.61950
TP2 1.62100
TP3 1.62300",EURAUD,BUY ,1.618,1.614,1.6195,1.621,1.623,
959,2021-09-22 11:51:07+00:00,"USDCHF SELL @0.92200

SL 0.92500
TP1  0.92000  
TP2 0.91700 
TP3 0.91200",USDCHF,SELL ,0.922,0.925,0.92,0.917,0.912,
958,2021-09-22 11:25:30+00:00,"CADCHF BUY @0.72180

SL 0.71880 
TP1  0.72380 
TP2 0.72680 
TP3 0.73180",CADCHF,BUY ,0.7218,0.7188,0.7238,0.7268,0.7318,
957,2021-09-22 11:22:44+00:00,"EURCAD BUY @1.49970

SL 1.49670 
TP1  1.50170 
TP2 1.50470 
TP3 1.50970",EURCAD,BUY ,1.4997,1.4967,1.5017,1.5047,1.5097,
956,2021-09-22 11:19:52+00:00,"GBPUSD BUY @1.36375

SL 1.36080
TP1  1.36580 
TP2 1.36880 
TP3 1.37380",GBPUSD,BUY ,1.36375,1.3608,1.3658,1.3688,1.3738,
955,2021-09-22 11:18:44+00:00,"EURJPY BUY @128.490

SL 128.190
TP1  128.690 
TP2 128.990 
TP3 129.490",EURJPY,BUY ,128.49,128.19,128.69,128.99,129.49,
954,2021-09-22 11:17:51+00:00,"GBPJPY BUY @149.360

SL 149.070 
TP1  149.570 
TP2 149.870 
TP3 150.370",GBPJPY,BUY ,149.36,149.07,149.57,149.87,150.37,
950,2021-09-22 03:05:51+00:00,"GBPUSD SELL NOW @ 1.36500-1.36600

SL 1.37000
TP1 1.36200
TP2 1.36000
TP3 1.35500",GBPUSD,SELL ,1.366,1.37,1.362,1.36,1.355,
942,2021-09-21 13:42:40+00:00,"XAUUSD SELL NOW @ 1774-1775

SL 1776
TP1 1769
TP2 1766",XAUUSD,SELL ,1775.0,1776.0,1769.0,1766.0,,
938,2021-09-21 12:52:11+00:00,"AUDCAD BUY NOW  @ 0.92570

SL 0.92170
TP1 0.92720
TP2 0.92870
TP3 0.93070",AUDCAD,BUY ,0.9257,0.9217,0.9272,0.9287,0.9307,
935,2021-09-21 11:26:00+00:00,"USDCHF SELL @0.92500

SL 0.92750 
TP1  0.92250 
TP2 0.91950 
TP3 0.91450",USDCHF,SELL ,0.925,0.9275,0.9225,0.9195,0.9145,
934,2021-09-21 11:21:34+00:00,"EURCAD BUY @1.49840

SL 1.49500
TP1  1.50050 
TP2 1.50350 
TP3 1.50850",EURCAD,BUY ,1.4984,1.495,1.5005,1.5035,1.5085,
933,2021-09-21 11:20:27+00:00,"EURGBP BUY @0.85797

SL 0.85624 
TP1  0.86010 
TP2 0.86310
TP3 0.86810",EURGBP,BUY ,0.85797,0.85624,0.8601,0.8631,0.8681,
932,2021-09-21 11:18:54+00:00,"GBPCAD BUY @1.74630

SL 1.74350 
TP1  1.74850 
TP2 1.75150  
TP3 1.75650",GBPCAD,BUY ,1.7463,1.7435,1.7485,1.7515,1.7565,
931,2021-09-21 11:17:58+00:00,"GBPAUD BUY  @1.88390

SL 1.88140 
TP1  1.88640 
TP2 1.88940  
TP3 1.89440",GBPAUD,BUY ,1.8839,1.8814,1.8864,1.8894,1.8944,
929,2021-09-21 06:36:13+00:00,"EURUSD BUY NOW  @ 1.17350

SL 1.16950
TP1 1.17500 (15 pips)
TP2 1.17650 (30pips)
TP3 1.17850 (50 pips)",EURUSD,BUY ,1.1735,1.1695,1.175,1.1765,1.1785,
920,2021-09-20 11:32:13+00:00,"USDCAD BUY @1.28400

SL 1.28100 
TP1  1.28600 
TP2 1.28900 
TP3 1.29400",USDCAD,BUY ,1.284,1.281,1.286,1.289,1.294,
919,2021-09-20 11:25:48+00:00,"EURCAD BUY @1.50350

SL : 1.50050  
TP1 : 1.50550 
TP2 : 1.50850  
TP3 : 1.51350",EURCAD,BUY ,1.5035,1.5005,1.5055,1.5085,1.5135,
916,2021-09-20 06:37:14+00:00,"GBPJPY BUY @150.558

SL  : 150.100
TP  : 151.600",GBPJPY,BUY ,150.558,150.1,151.6,,,
915,2021-09-20 05:04:14+00:00,"AUDCAD BUY @0.92572

SL 0.92450 

TP1  0.92950 
TP2 0.93250
TP3 0.93750",AUDCAD,BUY ,0.92572,0.9245,0.9295,0.9325,0.9375,
901,2021-09-17 11:11:49+00:00,"Usdcad buy @1.26600

SL : 1.26300
TP1 : 1.26800 
TP2 : 1.27100 
TP3 : 1.27600",USDCAD,BUY ,1.266,1.263,1.268,1.271,1.276,
900,2021-09-17 11:03:30+00:00,"Gbpusd buy @1.37930

SL : 1.37630
TP1  : 1.38130 
TP2 : 1.38430 
TP3 : 1.38930",GBPUSD,BUY ,1.3793,1.3763,1.3813,1.3843,1.3893,
899,2021-09-17 11:02:21+00:00,"Audusd sell @0.73000

SL : 0.73300 
TP1  : 0.72800 
TP2 : 0.72500 
TP3 : 0.72000",AUDUSD,SELL ,0.73,0.733,0.728,0.725,0.72,
898,2021-09-17 11:00:22+00:00,"Xauusd buy @ 1760-1761.7

SL : 1755
TP : 1780",XAUUSD,BUY ,1761.7,1755.0,1780.0,,,
896,2021-09-17 10:46:53+00:00,"Gbpnzd sell @ 1.95212-1.95300

SL  : 1.95600
TP  : 1.94000",GBPNZD,SELL ,1.953,1.956,1.94,,,
887,2021-09-16 12:48:36+00:00,"Xauusd buy now @ 1762.3

TP1: 1763.8 (15 pips)
TP2: 1765.3 (30pips)
TP3: 1767.3 (50 pips)
SL: 1758.3",XAUUSD,BUY ,1762.3,1758.3,1763.8,1765.3,1767.3,
884,2021-09-16 10:39:52+00:00,"Xauusd buy now @ 1778 - 1780

TP1: 1781.3
TP2: 1783.3
SL: 1774.3",XAUUSD,BUY ,1780.0,,1781.3,1783.3,,
883,2021-09-16 08:06:49+00:00,"Euraud buy now  @ 1.61070

SL: 1.60670
TP1: 1.61220 (15 pips)
TP2: 1.61370 (30pips)
TP3: 1.61570 (50 pips)",EURAUD,BUY ,1.6107,1.6067,1.6122,1.6137,1.6157,
877,2021-09-16 06:08:05+00:00,"Eurcad sell now @ 1.49230

TP1: 1.49080(15 pips)
TP2: 1.48930 (30pips)
TP3: 1.48730 (50 pips)
SL: 1.49630",EURCAD,SELL ,1.4923,1.4963,1.4908,1.4893,1.4873,
866,2021-09-15 08:08:45+00:00,"Xauusd sell now @ 1802.5

TP1: 1801.0 (15 pips)
TP2: 1799.5 (30pips)
TP3: 1797.5 (50 pips)
SL: 1806.5",XAUUSD,SELL ,1802.5,1806.5,1801.0,1799.5,1797.5,
855,2021-09-15 06:31:09+00:00,"Gbpjpy buy now @ 151.350

TP1: 151.500 (15 pips)
TP2: 151.650 (30 pips)
TP3: 151.850 (50 pips)
SL: 150.950",GBPJPY,BUY ,151.35,150.95,151.5,151.65,151.85,
854,2021-09-15 04:24:47+00:00,"XAUUSD buy now @1802 - 1800

SL: 1797.50
TP: 1805
TP: 1810",XAUUSD,BUY ,1800.0,1797.5,1805.0,1810.0,,
846,2021-09-14 12:43:51+00:00,"XAUUSD sell now@ 1792.4

TP1: 1790.9 (15 pips)
TP2: 1789.4(30pips)
TP3: 1787.4 (50 pips)
SL: 1796.4",XAUUSD,SELL ,1792.4,1796.4,1790.9,1789.4,1787.4,
844,2021-09-14 08:39:48+00:00,"Gbpjpy Sell now  @ 152.650

TP1: 152.500 (15 pips)
TP2: 152.350 (30pips)
TP3: 152.150 (50 pips)
SL: 153.050",GBPJPY,SELL ,152.65,153.05,152.5,152.35,152.15,
843,2021-09-14 06:28:04+00:00,"Eurjpy buy now @ 129.980

SL: 129.580
TP1: 130.130 (15 pips)
TP2: 130.280 (30 pips)
TP3: 130.480 (50 pips)",EURJPY,BUY ,129.98,129.58,130.13,130.28,130.48,
841,2021-09-14 05:57:30+00:00,"Gbpaud sell now @1.88550 - 1.88750

SL: 1.89000
TP: 1.88000",GBPAUD,SELL ,1.8875,1.89,1.88,,,
840,2021-09-14 05:57:17+00:00,"Gbpchf sell now @1.27590 - 1.27890

SL: 1.28000
TP: 1.27000",GBPCHF,SELL ,1.2789,1.28,1.27,,,
